Rez.-Nr.,PC1_score,PC1_top1_cas,PC1_top1_name,PC1_top1_contrib,PC1_top2_cas,PC1_top2_name,PC1_top2_contrib,PC1_top3_cas,PC1_top3_name,PC1_top3_contrib,PC1_top4_cas,PC1_top4_name,PC1_top4_contrib,PC1_top5_cas,PC1_top5_name,PC1_top5_contrib,PC2_score,PC2_top1_cas,PC2_top1_name,PC2_top1_contrib,PC2_top2_cas,PC2_top2_name,PC2_top2_contrib,PC2_top3_cas,PC2_top3_name,PC2_top3_contrib,PC2_top4_cas,PC2_top4_name,PC2_top4_contrib,PC2_top5_cas,PC2_top5_name,PC2_top5_contrib,PC3_score,PC3_top1_cas,PC3_top1_name,PC3_top1_contrib,PC3_top2_cas,PC3_top2_name,PC3_top2_contrib,PC3_top3_cas,PC3_top3_name,PC3_top3_contrib,PC3_top4_cas,PC3_top4_name,PC3_top4_contrib,PC3_top5_cas,PC3_top5_name,PC3_top5_contrib,PC4_score,PC4_top1_cas,PC4_top1_name,PC4_top1_contrib,PC4_top2_cas,PC4_top2_name,PC4_top2_contrib,PC4_top3_cas,PC4_top3_name,PC4_top3_contrib,PC4_top4_cas,PC4_top4_name,PC4_top4_contrib,PC4_top5_cas,PC4_top5_name,PC4_top5_contrib
185.046,-0.9238,928-96-1,cis-3-Hexen-1-ol Halal Kosher,0.25127,7452-79-1,Ethyl-2-methylbutyrat Kosher Halal,-0.18909,142-62-1,Hexansäure kräftig,-0.1715,123-66-0,Ethylhexanoat Halal,-0.16775,110-43-0,2-Heptanon Halal,-0.1651,1.9557,928-96-1,cis-3-Hexen-1-ol Halal Kosher,1.18959,109-21-7,Butylbutyrat Halal,0.37311,110-43-0,2-Heptanon Halal,0.37258,1754-62-7,Methyl-trans-cinnamat Halal,-0.11975,3658-77-3,Furaneol Halal,0.09548,-0.6284,8022-96-6,Jasmin-Absolue (blumig) Halal,-0.19713,110-43-0,2-Heptanon Halal,-0.12752,928-96-1,cis-3-Hexen-1-ol Halal Kosher,0.12627,109-21-7,Butylbutyrat Halal,-0.12528,1754-62-7,Methyl-trans-cinnamat Halal,-0.10567,0.183,659-70-1,Isoamylisovalerat Kosher Halal,-0.09831,3658-77-3,Furaneol Halal,0.09348,123-66-0,Ethylhexanoat Halal,0.09,111-27-3,Hexanol Kosher Halal,-0.08422,142-92-7,Hexylacetat Kosher Halal,-0.07831
185.086,-0.9311,600-14-6,Acetylpropionyl Halal,-0.21629,142-62-1,Hexansäure kräftig,-0.1715,7452-79-1,Ethyl-2-methylbutyrat Kosher Halal,-0.13272,105-54-4,Ethylbutyrat Kosher Halal,0.11296,68917-33-9,Zitronenterpene Kosher Halal,0.11273,-0.8034,600-14-6,Acetylpropionyl Halal,-0.23205,106-32-1,Ethyloctanoat Halal Kosher,0.17926,706-14-9,gamma-Decalacton Kosher Halal,-0.17477,68917-33-9,Zitronenterpene Kosher Halal,-0.12731,1754-62-7,Methyl-trans-cinnamat Halal,-0.11975,0.1475,16491-36-4,cis-3-Hexenylbutyrat Halal,0.19148,106-32-1,Ethyloctanoat Halal Kosher,-0.18633,513-86-0,Acetoin 50% in PG Kosher Halal,0.17326,1754-62-7,Methyl-trans-cinnamat Halal,-0.10567,141-78-6,Ethylacetat Kosher Halal,-0.08614,0.5344,106-32-1,Ethyloctanoat Halal Kosher,0.2181,68917-33-9,Zitronenterpene Kosher Halal,0.12941,659-70-1,Isoamylisovalerat Kosher Halal,-0.09831,111-27-3,Hexanol Kosher Halal,-0.08422,16491-36-4,cis-3-Hexenylbutyrat Halal,0.08407
185.090P,-1.6039,105-54-4,Ethylbutyrat Kosher Halal,-0.30746,7452-79-1,Ethyl-2-methylbutyrat Kosher Halal,-0.18909,116-53-0,2-Methylbuttersäure Halal Kosher,-0.17607,706-14-9,gamma-Decalacton Kosher Halal,-0.13692,123-66-0,Ethylhexanoat Halal,-0.08769,-1.0514,97-62-1,Ethylisobutyrat Halal,-0.3094,928-96-1,cis-3-Hexen-1-ol Halal Kosher,-0.24629,706-14-9,gamma-Decalacton Kosher Halal,-0.22332,105-54-4,Ethylbutyrat Kosher Halal,0.1466,1754-62-7,Methyl-trans-cinnamat Halal,-0.09519,-0.3805,97-62-1,Ethylisobutyrat Halal,-0.1083,7452-79-1,Ethyl-2-methylbutyrat Kosher Halal,0.0981,116-53-0,2-Methylbuttersäure Halal Kosher,0.08755,1754-62-7,Methyl-trans-cinnamat Halal,-0.08399,141-78-6,Ethylacetat Kosher Halal,-0.07127,-0.027,659-70-1,Isoamylisovalerat Kosher Halal,-0.09831,706-14-9,gamma-Decalacton Kosher Halal,0.09768,111-27-3,Hexanol Kosher Halal,-0.08422,142-92-7,Hexylacetat Kosher Halal,-0.07831,105-54-4,Ethylbutyrat Kosher Halal,0.06968
185.091,-6.4954,106-30-9,Ethylheptanoat,-1.40322,16409-45-3,Menthylacetat,-1.36682,623-70-1,Ethyl-trans-2-crotonat,-1.14801,10032-15-2,Hexyl-2-methylbutyrat Halal Kosher,-1.14801,105-54-4,Ethylbutyrat Kosher Halal,-0.28173,0.522,106-30-9,Ethylheptanoat,0.34924,16409-45-3,Menthylacetat,0.34417,706-14-9,gamma-Decalacton Kosher Halal,-0.18758,928-96-1,cis-3-Hexen-1-ol Halal Kosher,-0.14083,105-54-4,Ethylbutyrat Kosher Halal,0.13433,-2.6562,106-30-9,Ethylheptanoat,-0.73484,16409-45-3,Menthylacetat,-0.73139,623-70-1,Ethyl-trans-2-crotonat,-0.52945,10032-15-2,Hexyl-2-methylbutyrat Halal Kosher,-0.52945,1754-62-7,Methyl-trans-cinnamat Halal,-0.10567,-5.0552,106-30-9,Ethylheptanoat,-1.45615,16409-45-3,Menthylacetat,-1.27591,623-70-1,Ethyl-trans-2-crotonat,-1.0476,10032-15-2,Hexyl-2-methylbutyrat Halal Kosher,-1.0476,624-41-9,2-Methylbutylacetat Kosher Halal,-0.17897
185.133,-3.054,67-63-0,Isopropanol Halal,-0.81601,626-77-7,Propylhexanoat,-0.80677,106-30-9,Ethylheptanoat,-0.3476,116-53-0,2-Methylbuttersäure Halal Kosher,-0.18811,142-62-1,Hexansäure kräftig,-0.1413,-1.6872,626-77-7,Propylhexanoat,-0.35756,67-63-0,Isopropanol Halal,-0.35633,928-96-1,cis-3-Hexen-1-ol Halal Kosher,-0.24878,706-14-9,gamma-Decalacton Kosher Halal,-0.12423,1754-62-7,Methyl-trans-cinnamat Halal,-0.11975,-2.0581,67-63-0,Isopropanol Halal,-0.64254,626-77-7,Propylhexanoat,-0.6345,106-30-9,Ethylheptanoat,-0.18203,1754-62-7,Methyl-trans-cinnamat Halal,-0.10567,103-26-4,Methyl-trans-cinnamat,-0.0987,-2.0228,67-63-0,Isopropanol Halal,-0.71787,626-77-7,Propylhexanoat,-0.70658,106-30-9,Ethylheptanoat,-0.36071,659-70-1,Isoamylisovalerat Kosher Halal,-0.09831,111-27-3,Hexanol Kosher Halal,-0.08422
185.237H,-0.5344,110-19-0,Isobutylacetat Halal,0.31121,105-54-4,Ethylbutyrat Kosher Halal,-0.23549,123-66-0,Ethylhexanoat Halal,-0.11894,7452-79-1,Ethyl-2-methylbutyrat Kosher Halal,-0.1073,706-14-9,gamma-Decalacton Kosher Halal,-0.09863,-0.4771,706-14-9,gamma-Decalacton Kosher Halal,-0.16087,110-19-0,Isobutylacetat Halal,-0.15507,928-96-1,cis-3-Hexen-1-ol Halal Kosher,-0.13221,105-54-4,Ethylbutyrat Kosher Halal,0.11228,121-33-5,Vanillin ex Eugenol,-0.08327,0.353,64-18-6,Ameisensäure 80%,0.26805,121-33-5,Vanillin ex Eugenol,0.1633,141-78-6,Ethylacetat Kosher Halal,-0.09291,142-92-7,Hexylacetat Kosher Halal,0.08565,110-19-0,Isobutylacetat Halal,0.083,0.6407,121-33-5,Vanillin ex Eugenol,0.21897,142-92-7,Hexylacetat Kosher Halal,0.12417,64-18-6,Ameisensäure 80%,0.10843,659-70-1,Isoamylisovalerat Kosher Halal,-0.09831,706-14-9,gamma-Decalacton Kosher Halal,0.07036
185.239,-0.9354,123-66-0,Ethylhexanoat Halal,0.22218,7452-79-1,Ethyl-2-methylbutyrat Kosher Halal,-0.18909,116-53-0,2-Methylbuttersäure Halal Kosher,-0.18811,142-62-1,Hexansäure kräftig,-0.1715,1754-62-7,Methyl-trans-cinnamat Halal,0.14135,1.6631,868-57-5,Methyl-2-methylbutyrat,0.49836,928-96-1,cis-3-Hexen-1-ol Halal Kosher,0.39831,1754-62-7,Methyl-trans-cinnamat Halal,0.33684,75-07-0,Acetaldehyd Halal Kosher,0.26779,124-07-2,Octansäure,0.24939,3.2001,75-07-0,Acetaldehyd Halal Kosher,0.6667,868-57-5,Methyl-2-methylbutyrat,0.65337,109-94-4,Ethylformiat Halal,0.50756,1754-62-7,Methyl-trans-cinnamat Halal,0.29722,124-07-2,Octansäure,0.26702,-1.0659,75-07-0,Acetaldehyd Halal Kosher,-0.30727,109-94-4,Ethylformiat Halal,-0.18587,3658-77-3,Furaneol Halal,0.16944,868-57-5,Methyl-2-methylbutyrat,-0.15447,1754-62-7,Methyl-trans-cinnamat Halal,-0.14914
185.267,0.0447,142-62-1,Hexansäure kräftig,0.2184,105-54-4,Ethylbutyrat Kosher Halal,-0.19113,75-18-3,Dimethylsulfid,0.16629,78-70-6,Linalool ex HO,0.1385,116-53-0,2-Methylbuttersäure Halal Kosher,0.10422,-0.6171,75-18-3,Dimethylsulfid,-0.25429,6728-26-3,trans-2-Hexenal Kosher Halal,0.23264,78-70-6,Linalool ex HO,0.18825,928-96-1,cis-3-Hexen-1-ol Halal Kosher,-0.17719,1754-62-7,Methyl-trans-cinnamat Halal,-0.11975,-1.1413,75-18-3,Dimethylsulfid,-0.276,78-70-6,Linalool ex HO,-0.27489,6728-26-3,trans-2-Hexenal Kosher Halal,0.22938,1754-62-7,Methyl-trans-cinnamat Halal,-0.10567,142-62-1,Hexansäure kräftig,-0.10388,-0.2872,75-18-3,Dimethylsulfid,-0.12379,659-70-1,Isoamylisovalerat Kosher Halal,-0.09831,78-70-6,Linalool ex HO,0.09513,111-27-3,Hexanol Kosher Halal,-0.08422,142-92-7,Hexylacetat Kosher Halal,-0.07831
185.291,-1.343,105-54-4,Ethylbutyrat Kosher Halal,-0.26115,142-62-1,Hexansäure kräftig,-0.1715,116-53-0,2-Methylbuttersäure Halal Kosher,-0.14491,7452-79-1,Ethyl-2-methylbutyrat Kosher Halal,-0.12158,123-66-0,Ethylhexanoat Halal,-0.11125,-0.5217,706-14-9,gamma-Decalacton Kosher Halal,-0.13735,105-54-4,Ethylbutyrat Kosher Halal,0.12452,1754-62-7,Methyl-trans-cinnamat Halal,-0.11975,928-96-1,cis-3-Hexen-1-ol Halal Kosher,-0.10554,100-52-7,Benzaldehyd Kosher Halal,-0.0826,-0.111,1754-62-7,Methyl-trans-cinnamat Halal,-0.10567,141-78-6,Ethylacetat Kosher Halal,-0.09291,142-62-1,Hexansäure kräftig,0.08157,64-19-7,Essigsäure Halal Kosher,-0.07821,142-92-7,Hexylacetat Kosher Halal,0.07365,0.0988,142-92-7,Hexylacetat Kosher Halal,0.10677,659-70-1,Isoamylisovalerat Kosher Halal,-0.09831,111-27-3,Hexanol Kosher Halal,-0.08422,121-33-5,Vanillin ex Eugenol,-0.06966,3658-77-3,Furaneol Halal,-0.06464
185.294,-0.5126,106-32-1,Ethyloctanoat Halal Kosher,0.16706,7452-79-1,Ethyl-2-methylbutyrat Kosher Halal,-0.12864,706-14-9,gamma-Decalacton Kosher Halal,-0.11506,142-62-1,Hexansäure kräftig,0.10008,513-86-0,Acetoin 50% in PG Kosher Halal,-0.08713,-0.5643,106-32-1,Ethyloctanoat Halal Kosher,0.26657,431-03-8,Diacetyl Halal,-0.26209,706-14-9,gamma-Decalacton Kosher Halal,-0.18767,1754-62-7,Methyl-trans-cinnamat Halal,-0.11768,111-27-3,Hexanol Kosher Halal,0.08403,-0.1005,106-32-1,Ethyloctanoat Halal Kosher,-0.27709,431-03-8,Diacetyl Halal,0.26439,513-86-0,Acetoin 50% in PG Kosher Halal,0.16639,16491-36-4,cis-3-Hexenylbutyrat Halal,0.13533,1754-62-7,Methyl-trans-cinnamat Halal,-0.10384,1.1696,431-03-8,Diacetyl Halal,0.51589,106-32-1,Ethyloctanoat Halal Kosher,0.32433,111-27-3,Hexanol Kosher Halal,0.11263,659-70-1,Isoamylisovalerat Kosher Halal,-0.09831,706-14-9,gamma-Decalacton Kosher Halal,0.08209
185.314,-0.7171,105-54-4,Ethylbutyrat Kosher Halal,-0.1454,142-62-1,Hexansäure kräftig,-0.13373,659-70-1,Isoamylisovalerat Kosher Halal,0.13236,106-22-9,Citronellol,-0.12675,123-66-0,Ethylhexanoat Halal,-0.09804,-0.193,659-70-1,Isoamylisovalerat Kosher Halal,0.1344,1754-62-7,Methyl-trans-cinnamat Halal,-0.11975,928-96-1,cis-3-Hexen-1-ol Halal Kosher,-0.09368,103-26-4,Methyl-trans-cinnamat,-0.07446,105-54-4,Ethylbutyrat Kosher Halal,0.06933,-0.7863,106-22-9,Citronellol,-0.15673,1754-62-7,Methyl-trans-cinnamat Halal,-0.10567,103-26-4,Methyl-trans-cinnamat,-0.09241,141-78-6,Ethylacetat Kosher Halal,-0.08349,659-70-1,Isoamylisovalerat Kosher Halal,-0.08051,0.7475,659-70-1,Isoamylisovalerat Kosher Halal,0.22463,106-22-9,Citronellol,0.15491,142-92-7,Hexylacetat Kosher Halal,0.10529,3658-77-3,Furaneol Halal,-0.06337,1754-62-7,Methyl-trans-cinnamat Halal,0.05302
185.321,1.2389,3681-71-8,cis-3-Hexenylacetat Halal Kosher,0.7465,706-14-9,gamma-Decalacton Kosher Halal,0.26972,7452-79-1,Ethyl-2-methylbutyrat Kosher Halal,0.24728,1754-62-7,Methyl-trans-cinnamat Halal,0.22657,6378-65-0,Hexylhexanoat Kosher Halal,0.21674,1.589,1754-62-7,Methyl-trans-cinnamat Halal,0.53991,706-14-9,gamma-Decalacton Kosher Halal,0.43991,928-96-1,cis-3-Hexen-1-ol Halal Kosher,0.38927,6378-65-0,Hexylhexanoat Kosher Halal,0.30218,3681-71-8,cis-3-Hexenylacetat Halal Kosher,0.18485,1.6379,3681-71-8,cis-3-Hexenylacetat Halal Kosher,0.75114,1754-62-7,Methyl-trans-cinnamat Halal,0.47641,6378-65-0,Hexylhexanoat Kosher Halal,0.32397,16491-36-4,cis-3-Hexenylbutyrat Halal,0.17817,7452-79-1,Ethyl-2-methylbutyrat Kosher Halal,-0.12829,-1.0269,3681-71-8,cis-3-Hexenylacetat Halal Kosher,-0.28249,1754-62-7,Methyl-trans-cinnamat Halal,-0.23905,6378-65-0,Hexylhexanoat Kosher Halal,-0.21006,706-14-9,gamma-Decalacton Kosher Halal,-0.19242,123-66-0,Ethylhexanoat Halal,-0.10366
185.471,5.6597,103-36-6,Ethylcinnamat Halal,0.97298,8016-03-3,Davana-Öl,0.81117,78-83-1,Isobutanol Halal,0.80123,105-54-4,Ethylbutyrat Kosher Halal,0.79628,123-66-0,Ethylhexanoat Halal,0.67319,-3.6388,8016-03-3,Davana-Öl,-0.698,103-36-6,Ethylcinnamat Halal,-0.66928,78-83-1,Isobutanol Halal,-0.4755,105-54-4,Ethylbutyrat Kosher Halal,-0.37968,123-66-0,Ethylhexanoat Halal,-0.34551,-1.087,8016-03-3,Davana-Öl,-0.19317,116-53-0,2-Methylbuttersäure Halal Kosher,-0.19031,141-78-6,Ethylacetat Kosher Halal,0.1723,27625-35-0,Isoamyl-2-methylbutyrat,-0.17046,103-26-4,Methyl-trans-cinnamat,-0.16732,-2.1697,78-83-1,Isobutanol Halal,-0.46856,103-36-6,Ethylcinnamat Halal,-0.46819,8016-03-3,Davana-Öl,-0.40038,123-66-0,Ethylhexanoat Halal,-0.36119,105-54-4,Ethylbutyrat Kosher Halal,-0.18047
185.514,-7.5547,123-25-1,Diethylsuccinat,-1.33524,98-85-1,Styralylalkohol Halal,-1.33524,93-92-5,Styralylacetat Halal,-1.11604,16409-45-3,Menthylacetat,-0.95937,67-63-0,Isopropanol Halal,-0.66648,-1.9761,123-25-1,Diethylsuccinat,-0.37701,98-85-1,Styralylalkohol Halal,-0.37701,67-63-0,Isopropanol Halal,-0.29103,626-77-7,Propylhexanoat,-0.27036,928-96-1,cis-3-Hexen-1-ol Halal Kosher,-0.24699,-5.4274,93-92-5,Styralylacetat Halal,-1.24937,98-85-1,Styralylalkohol Halal,-1.08183,123-25-1,Diethylsuccinat,-1.08183,67-63-0,Isopropanol Halal,-0.5248,16409-45-3,Menthylacetat,-0.51336,-6.2713,123-25-1,Diethylsuccinat,-1.2996,98-85-1,Styralylalkohol Halal,-1.2996,93-92-5,Styralylacetat Halal,-0.99526,16409-45-3,Menthylacetat,-0.89556,67-63-0,Isopropanol Halal,-0.58632
185.578P,2.705,7452-79-1,Ethyl-2-methylbutyrat Kosher Halal,0.56695,5471-51-2,Himbeerketon Halal,0.54349,14901-07-6,beta-Ionon Halal Kosher,0.47808,68917-33-9,Zitronenterpene Kosher Halal,0.39624,79-09-4,Propionsäure Kosher Halal,0.31715,-2.3054,5471-51-2,Himbeerketon Halal,-0.45387,68917-33-9,Zitronenterpene Kosher Halal,-0.4475,14901-07-6,beta-Ionon Halal Kosher,-0.43984,431-03-8,Diacetyl Halal,-0.37787,659-70-1,Isoamylisovalerat Kosher Halal,0.26125,0.1232,64-19-7,Essigsäure Halal Kosher,0.39883,431-03-8,Diacetyl Halal,0.38118,7452-79-1,Ethyl-2-methylbutyrat Kosher Halal,-0.29414,5471-51-2,Himbeerketon Halal,0.27509,79-09-4,Propionsäure Kosher Halal,-0.20485,2.2215,431-03-8,Diacetyl Halal,0.74377,14901-07-6,beta-Ionon Halal Kosher,0.46037,68917-33-9,Zitronenterpene Kosher Halal,0.45486,659-70-1,Isoamylisovalerat Kosher Halal,0.43664,5471-51-2,Himbeerketon Halal,-0.40289
185.615,1.4563,79-09-4,Propionsäure Kosher Halal,0.50564,105-54-4,Ethylbutyrat Kosher Halal,0.44182,108-64-5,Ethylisovalerat Kosher Halal,0.30834,142-62-1,Hexansäure kräftig,0.30411,7452-79-1,Ethyl-2-methylbutyrat Kosher Halal,0.26004,-1.6568,79-09-4,Propionsäure Kosher Halal,-0.32995,13532-18-8,Methyl-3-(methylthio)propionat,-0.31609,108-64-5,Ethylisovalerat Kosher Halal,-0.31094,104-67-6,gamma-Undecalacton Halal,-0.27744,706-14-9,gamma-Decalacton Kosher Halal,-0.23809,-1.5846,108-64-5,Ethylisovalerat Kosher Halal,-0.33205,79-09-4,Propionsäure Kosher Halal,-0.3266,13532-18-8,Methyl-3-(methylthio)propionat,-0.31586,1754-62-7,Methyl-trans-cinnamat Halal,0.19955,104-67-6,gamma-Undecalacton Halal,-0.19441,0.9577,108-64-5,Ethylisovalerat Kosher Halal,0.54726,79-09-4,Propionsäure Kosher Halal,0.23536,13532-18-8,Methyl-3-(methylthio)propionat,0.19846,706-14-9,gamma-Decalacton Kosher Halal,0.10414,105-54-4,Ethylbutyrat Kosher Halal,-0.10014
185.621P,-0.2805,7452-79-1,Ethyl-2-methylbutyrat Kosher Halal,0.15808,116-53-0,2-Methylbuttersäure Halal Kosher,-0.08398,105-54-4,Ethylbutyrat Kosher Halal,-0.08124,123-92-2,Isoamylacetat Halal,-0.07675,2445-77-4,2-Methylbutylisovalerat,-0.05637,0.4373,928-96-1,cis-3-Hexen-1-ol Halal Kosher,0.14872,1754-62-7,Methyl-trans-cinnamat Halal,0.08473,100-52-7,Benzaldehyd Kosher Halal,-0.0826,142-92-7,Hexylacetat Kosher Halal,0.08214,24851-98-7,Methyldihydrojasmonat,0.08065,0.2577,2445-77-4,2-Methylbutylisovalerat,0.16853,142-92-7,Hexylacetat Kosher Halal,0.10799,7452-79-1,Ethyl-2-methylbutyrat Kosher Halal,-0.08201,1754-62-7,Methyl-trans-cinnamat Halal,0.07476,103-26-4,Methyl-trans-cinnamat,0.07027,0.4104,142-92-7,Hexylacetat Kosher Halal,0.15657,659-70-1,Isoamylisovalerat Kosher Halal,0.08313,111-27-3,Hexanol Kosher Halal,-0.0802,123-92-2,Isoamylacetat Halal,0.05144,431-03-8,Diacetyl Halal,-0.04403
185.644P,-0.2284,120-72-9,Indol Halal,0.13543,7452-79-1,Ethyl-2-methylbutyrat Kosher Halal,0.09993,105-54-4,Ethylbutyrat Kosher Halal,-0.08912,116-53-0,2-Methylbuttersäure Halal Kosher,-0.08151,123-92-2,Isoamylacetat Halal,-0.07675,0.3993,928-96-1,cis-3-Hexen-1-ol Halal Kosher,0.1295,24851-98-7,Methyldihydrojasmonat,0.09682,100-52-7,Benzaldehyd Kosher Halal,-0.0826,142-92-7,Hexylacetat Kosher Halal,0.08096,1754-62-7,Methyl-trans-cinnamat Halal,0.07972,0.291,2445-77-4,2-Methylbutylisovalerat,0.18116,142-92-7,Hexylacetat Kosher Halal,0.10644,1754-62-7,Methyl-trans-cinnamat Halal,0.07035,103-26-4,Methyl-trans-cinnamat,0.07027,124-07-2,Octansäure,-0.06045,0.5143,142-92-7,Hexylacetat Kosher Halal,0.15431,120-72-9,Indol Halal,0.09939,659-70-1,Isoamylisovalerat Kosher Halal,0.09837,111-27-3,Hexanol Kosher Halal,-0.08088,123-92-2,Isoamylacetat Halal,0.05144
185.664,-1.0511,7452-79-1,Ethyl-2-methylbutyrat Kosher Halal,-0.18909,116-53-0,2-Methylbuttersäure Halal Kosher,-0.18811,142-62-1,Hexansäure kräftig,-0.16212,100-52-7,Benzaldehyd Kosher Halal,0.16119,105-54-4,Ethylbutyrat Kosher Halal,-0.13934,2.1158,100-52-7,Benzaldehyd Kosher Halal,0.69622,868-57-5,Methyl-2-methylbutyrat,0.32468,33467-73-1,cis-3-Hexenylformiat Kosher Halal,0.3231,118-71-8,Maltol Kosher Halal,0.24822,3658-77-3,Furaneol Halal,0.23318,3.4764,33467-73-1,cis-3-Hexenylformiat Kosher Halal,0.90585,109-52-4,Valeriansäure Kosher Halal,0.42901,868-57-5,Methyl-2-methylbutyrat,0.42567,6728-26-3,trans-2-Hexenal Kosher Halal,0.18584,3658-77-3,Furaneol Halal,0.17715,-0.1123,33467-73-1,cis-3-Hexenylformiat Kosher Halal,-0.2798,3658-77-3,Furaneol Halal,0.22831,431-03-8,Diacetyl Halal,0.17471,118-71-8,Maltol Kosher Halal,0.14044,109-52-4,Valeriansäure Kosher Halal,-0.10347
185.675P,-3.8373,695-06-7,gamma-Hexalacton Halal,-0.70996,105-53-3,Diethylmalonat Halal Kosher,-0.67821,16409-45-3,Menthylacetat,-0.64146,713-95-1,delta-Dodecalacton Halal,-0.4831,105-54-4,Ethylbutyrat Kosher Halal,-0.20837,2.401,105-53-3,Diethylmalonat Halal Kosher,0.45808,695-06-7,gamma-Hexalacton Halal,0.44786,713-95-1,delta-Dodecalacton Halal,0.37439,6728-26-3,trans-2-Hexenal Kosher Halal,0.3677,111-27-3,Hexanol Kosher Halal,0.2935,-0.7905,6728-26-3,trans-2-Hexenal Kosher Halal,0.36255,16409-45-3,Menthylacetat,-0.34325,78-70-6,Linalool ex HO,-0.23,111-27-3,Hexanol Kosher Halal,-0.18551,695-06-7,gamma-Hexalacton Halal,-0.1629,-0.6315,16409-45-3,Menthylacetat,-0.5988,713-95-1,delta-Dodecalacton Halal,-0.41198,111-27-3,Hexanol Kosher Halal,0.39337,105-53-3,Diethylmalonat Halal Kosher,-0.13086,695-06-7,gamma-Hexalacton Halal,-0.1155
185.741P,-2.2888,105-66-8,Propylbutyrat Kosher,-0.40453,103-37-7,Benzylbutyrat,-0.31013,119-36-8,Methylsalicylat Halal,-0.21148,142-62-1,Hexansäure kräftig,-0.1715,123-66-0,Ethylhexanoat Halal,-0.15809,-0.4,706-14-9,gamma-Decalacton Kosher Halal,-0.23809,100-52-7,Benzaldehyd Kosher Halal,0.18149,1754-62-7,Methyl-trans-cinnamat Halal,-0.11975,103-37-7,Benzylbutyrat,-0.08736,123-66-0,Ethylhexanoat Halal,0.08114,-0.3588,1754-62-7,Methyl-trans-cinnamat Halal,-0.10567,142-62-1,Hexansäure kräftig,0.08157,64-19-7,Essigsäure Halal Kosher,-0.07821,116-53-0,2-Methylbuttersäure Halal Kosher,0.07769,103-37-7,Benzylbutyrat,-0.0719,0.7676,103-37-7,Benzylbutyrat,0.2266,119-36-8,Methylsalicylat Halal,0.21634,105-66-8,Propylbutyrat Kosher,0.15908,706-14-9,gamma-Decalacton Kosher Halal,0.10414,659-70-1,Isoamylisovalerat Kosher Halal,-0.09831
185.984P,3.3374,7452-79-1,Ethyl-2-methylbutyrat Kosher Halal,1.19905,142-62-1,Hexansäure kräftig,0.89156,123-51-3,Isoamylalkohol Kosher Halal,0.59822,116-53-0,2-Methylbuttersäure Halal Kosher,0.5539,8022-96-6,Jasmin-Absolue (blumig) Halal,0.47569,-0.8779,706-14-9,gamma-Decalacton Kosher Halal,0.32438,928-96-1,cis-3-Hexen-1-ol Halal Kosher,-0.24421,7452-79-1,Ethyl-2-methylbutyrat Kosher Halal,-0.23738,103-26-4,Methyl-trans-cinnamat,-0.21734,123-51-3,Isoamylalkohol Kosher Halal,-0.18402,-3.641,123-51-3,Isoamylalkohol Kosher Halal,-0.7259,8022-96-6,Jasmin-Absolue (blumig) Halal,-0.67995,7452-79-1,Ethyl-2-methylbutyrat Kosher Halal,-0.62209,142-62-1,Hexansäure kräftig,-0.42406,116-53-0,2-Methylbuttersäure Halal Kosher,-0.27541,-0.6553,7452-79-1,Ethyl-2-methylbutyrat Kosher Halal,-0.17007,706-14-9,gamma-Decalacton Kosher Halal,-0.14189,123-51-3,Isoamylalkohol Kosher Halal,-0.14086,8022-96-6,Jasmin-Absolue (blumig) Halal,-0.12429,659-70-1,Isoamylisovalerat Kosher Halal,-0.09831
186.190P,-0.7662,706-14-9,gamma-Decalacton Kosher Halal,0.74007,106-30-9,Ethylheptanoat,-0.39522,16409-45-3,Menthylacetat,-0.36479,124-07-2,Octansäure,-0.21431,1754-62-7,Methyl-trans-cinnamat Halal,0.1955,10.3221,10544-63-5,Ethyl-trans-2-crotonat,1.96933,98-01-1,Furfural Halal,1.65696,2305-21-7,trans-2-Hexen-1-ol Halal Kosher,1.53635,706-14-9,gamma-Decalacton Kosher Halal,1.20704,928-96-1,cis-3-Hexen-1-ol Halal Kosher,0.87707,0.9722,124-07-2,Octansäure,0.8121,1754-62-7,Methyl-trans-cinnamat Halal,0.41108,106-30-9,Ethylheptanoat,-0.20697,16409-45-3,Menthylacetat,-0.1952,10544-63-5,Ethyl-trans-2-crotonat,0.19378,-4.4595,10544-63-5,Ethyl-trans-2-crotonat,-0.92415,98-01-1,Furfural Halal,-0.68904,2305-21-7,trans-2-Hexen-1-ol Halal Kosher,-0.6145,706-14-9,gamma-Decalacton Kosher Halal,-0.52798,106-30-9,Ethylheptanoat,-0.41012
186.192,0.3083,706-14-9,gamma-Decalacton Kosher Halal,0.7887,1754-62-7,Methyl-trans-cinnamat Halal,0.20413,928-96-1,cis-3-Hexen-1-ol Halal Kosher,0.19397,105-54-4,Ethylbutyrat Kosher Halal,-0.18017,142-62-1,Hexansäure kräftig,-0.1715,7.7247,98-01-1,Furfural Halal,1.76713,2305-21-7,trans-2-Hexen-1-ol Halal Kosher,1.63995,706-14-9,gamma-Decalacton Kosher Halal,1.28635,928-96-1,cis-3-Hexen-1-ol Halal Kosher,0.91834,24851-98-7,Methyldihydrojasmonat,0.82219,0.4569,1754-62-7,Methyl-trans-cinnamat Halal,0.42923,98-01-1,Furfural Halal,0.1452,2305-21-7,trans-2-Hexen-1-ol Halal Kosher,0.13194,928-96-1,cis-3-Hexen-1-ol Halal Kosher,0.09748,142-62-1,Hexansäure kräftig,0.08157,-2.4807,98-01-1,Furfural Halal,-0.73485,2305-21-7,trans-2-Hexen-1-ol Halal Kosher,-0.65594,706-14-9,gamma-Decalacton Kosher Halal,-0.56267,24851-98-7,Methyldihydrojasmonat,-0.24266,1754-62-7,Methyl-trans-cinnamat Halal,-0.21538
186.277P,1.67,110-19-0,Isobutylacetat Halal,0.92481,116-53-0,2-Methylbuttersäure Halal Kosher,0.40327,142-62-1,Hexansäure kräftig,0.29848,64-18-6,Ameisensäure 80%,0.16021,142-92-7,Hexylacetat Kosher Halal,0.15322,-0.1071,110-19-0,Isobutylacetat Halal,-0.46081,121-33-5,Vanillin ex Eugenol,-0.27708,142-92-7,Hexylacetat Kosher Halal,0.25298,1754-62-7,Methyl-trans-cinnamat Halal,0.14295,111-27-3,Hexanol Kosher Halal,0.13062,1.4503,64-18-6,Ameisensäure 80%,0.7724,121-33-5,Vanillin ex Eugenol,0.54337,142-92-7,Hexylacetat Kosher Halal,0.33261,110-19-0,Isobutylacetat Halal,0.24664,116-53-0,2-Methylbuttersäure Halal Kosher,-0.20051,1.6095,121-33-5,Vanillin ex Eugenol,0.72859,142-92-7,Hexylacetat Kosher Halal,0.48222,64-18-6,Ameisensäure 80%,0.31245,110-19-0,Isobutylacetat Halal,-0.19526,111-27-3,Hexanol Kosher Halal,0.17507
186.821,-3.0669,626-77-7,Propylhexanoat,-0.82344,67-63-0,Isopropanol Halal,-0.81601,106-30-9,Ethylheptanoat,-0.33642,116-53-0,2-Methylbuttersäure Halal Kosher,-0.18811,142-62-1,Hexansäure kräftig,-0.1413,-1.6774,626-77-7,Propylhexanoat,-0.36495,67-63-0,Isopropanol Halal,-0.35633,928-96-1,cis-3-Hexen-1-ol Halal Kosher,-0.24878,706-14-9,gamma-Decalacton Kosher Halal,-0.12423,1754-62-7,Methyl-trans-cinnamat Halal,-0.11975,-2.0899,626-77-7,Propylhexanoat,-0.64762,67-63-0,Isopropanol Halal,-0.64254,106-30-9,Ethylheptanoat,-0.17618,1754-62-7,Methyl-trans-cinnamat Halal,-0.10567,103-26-4,Methyl-trans-cinnamat,-0.09871,-2.0737,626-77-7,Propylhexanoat,-0.72118,67-63-0,Isopropanol Halal,-0.71787,106-30-9,Ethylheptanoat,-0.34911,659-70-1,Isoamylisovalerat Kosher Halal,-0.09831,111-27-3,Hexanol Kosher Halal,-0.08422
186.981P,6.185,2639-63-6,Hexylbutyrat Halal Kosher,1.09315,8008-56-8,Zitronen-Öl italienisch Kosher Hala,1.09315,1365-19-1,Linalooloxid,1.09315,78-70-6,Linalool ex HO,0.7496,123-92-2,Isoamylacetat Halal,0.61944,5.7558,2639-63-6,Hexylbutyrat Halal Kosher,1.09814,1365-19-1,Linalooloxid,1.09814,8008-56-8,Zitronen-Öl italienisch Kosher Hala,1.09814,78-70-6,Linalool ex HO,1.01882,100-52-7,Benzaldehyd Kosher Halal,0.9566,-7.1954,78-70-6,Linalool ex HO,-1.48775,2639-63-6,Hexylbutyrat Halal Kosher,-1.43425,8008-56-8,Zitronen-Öl italienisch Kosher Hala,-1.43425,1365-19-1,Linalooloxid,-1.43425,123-86-4,Butylacetat Kosher Halal,-0.42578,2.4163,659-70-1,Isoamylisovalerat Kosher Halal,0.61859,78-70-6,Linalool ex HO,0.51484,2639-63-6,Hexylbutyrat Halal Kosher,0.50072,1365-19-1,Linalooloxid,0.50072,8008-56-8,Zitronen-Öl italienisch Kosher Hala,0.50072
187.064P,1.8076,106-27-4,Isoamylbutyrat Halal,0.50942,3681-71-8,cis-3-Hexenylacetat Halal Kosher,0.31277,105-54-4,Ethylbutyrat Kosher Halal,0.30492,706-14-9,gamma-Decalacton Kosher Halal,0.30271,103-26-4,Methyl-trans-cinnamat,0.25706,-0.9237,706-14-9,gamma-Decalacton Kosher Halal,0.49372,103-26-4,Methyl-trans-cinnamat,-0.37531,928-96-1,cis-3-Hexen-1-ol Halal Kosher,-0.24027,3658-77-3,Furaneol Halal,0.14809,105-54-4,Ethylbutyrat Kosher Halal,-0.14539,-0.5841,103-26-4,Methyl-trans-cinnamat,-0.46579,3681-71-8,cis-3-Hexenylacetat Halal Kosher,0.31471,106-27-4,Isoamylbutyrat Halal,0.15122,3658-77-3,Furaneol Halal,0.11251,7452-79-1,Ethyl-2-methylbutyrat Kosher Halal,-0.10798,0.5552,106-27-4,Isoamylbutyrat Halal,0.74814,706-14-9,gamma-Decalacton Kosher Halal,-0.21596,108-64-5,Ethylisovalerat Kosher Halal,0.14622,3658-77-3,Furaneol Halal,0.145,3681-71-8,cis-3-Hexenylacetat Halal Kosher,-0.11836
187.119P,-2.394,91722-21-3,Stevia-Aroma (FMP; 4% Reb A; MD) Ha,-0.42313,8031-03-6,Mimosa-Absolue,-0.42313,105-54-4,Ethylbutyrat Kosher Halal,-0.30899,7452-79-1,Ethyl-2-methylbutyrat Kosher Halal,-0.17453,116-53-0,2-Methylbuttersäure Halal Kosher,-0.17413,-0.9606,928-96-1,cis-3-Hexen-1-ol Halal Kosher,-0.23057,706-14-9,gamma-Decalacton Kosher Halal,-0.22512,91722-21-3,Stevia-Aroma (FMP; 4% Reb A; MD) Ha,-0.18328,8031-03-6,Mimosa-Absolue,-0.18328,105-54-4,Ethylbutyrat Kosher Halal,0.14733,-0.4101,1754-62-7,Methyl-trans-cinnamat Halal,-0.10567,141-78-6,Ethylacetat Kosher Halal,-0.09291,7452-79-1,Ethyl-2-methylbutyrat Kosher Halal,0.09055,116-53-0,2-Methylbuttersäure Halal Kosher,0.08658,91722-21-3,Stevia-Aroma (FMP; 4% Reb A; MD) Ha,-0.08174,0.0722,706-14-9,gamma-Decalacton Kosher Halal,0.09847,123-66-0,Ethylhexanoat Halal,0.08726,111-27-3,Hexanol Kosher Halal,-0.07207,105-54-4,Ethylbutyrat Kosher Halal,0.07003,53398-85-9,cis-3-Hexenyl-2-methylbutyrat,-0.06799
187.167P,5.481,103-36-6,Ethylcinnamat Halal,0.98424,8016-03-3,Davana-Öl,0.80817,78-83-1,Isobutanol Halal,0.80467,105-54-4,Ethylbutyrat Kosher Halal,0.77474,123-66-0,Ethylhexanoat Halal,0.67364,-3.3251,8016-03-3,Davana-Öl,-0.69542,103-36-6,Ethylcinnamat Halal,-0.67702,78-83-1,Isobutanol Halal,-0.47754,105-54-4,Ethylbutyrat Kosher Halal,-0.36941,123-66-0,Ethylhexanoat Halal,-0.34574,-0.4798,8016-03-3,Davana-Öl,-0.19246,116-53-0,2-Methylbuttersäure Halal Kosher,-0.1904,141-78-6,Ethylacetat Kosher Halal,0.17202,103-36-6,Ethylcinnamat Halal,-0.1663,142-62-1,Hexansäure kräftig,-0.16518,-2.339,103-36-6,Ethylcinnamat Halal,-0.47361,78-83-1,Isobutanol Halal,-0.47057,8016-03-3,Davana-Öl,-0.39889,123-66-0,Ethylhexanoat Halal,-0.36143,105-54-4,Ethylbutyrat Kosher Halal,-0.17559
187.246P,1.9824,123-92-2,Isoamylacetat Halal,0.77667,142-62-1,Hexansäure kräftig,0.76532,110-19-0,Isobutylacetat Halal,0.33187,66-25-1,Hexanal Kosher Halal,0.25209,141-78-6,Ethylacetat Kosher Halal,0.22764,-1.1685,928-96-1,cis-3-Hexen-1-ol Halal Kosher,-0.21889,110-19-0,Isobutylacetat Halal,-0.16536,123-92-2,Isoamylacetat Halal,-0.1403,1754-62-7,Methyl-trans-cinnamat Halal,-0.11975,141-78-6,Ethylacetat Kosher Halal,-0.09834,0.1017,142-62-1,Hexansäure kräftig,-0.36402,141-78-6,Ethylacetat Kosher Halal,0.35818,64-19-7,Essigsäure Halal Kosher,0.19485,1754-62-7,Methyl-trans-cinnamat Halal,-0.10567,66-25-1,Hexanal Kosher Halal,0.09528,-0.7696,123-92-2,Isoamylacetat Halal,-0.52052,659-70-1,Isoamylisovalerat Kosher Halal,-0.09831,66-25-1,Hexanal Kosher Halal,0.0927,111-27-3,Hexanol Kosher Halal,-0.08422,142-92-7,Hexylacetat Kosher Halal,-0.07831
187.365,0.3772,3681-71-8,cis-3-Hexenylacetat Halal Kosher,0.31285,7452-79-1,Ethyl-2-methylbutyrat Kosher Halal,0.14856,142-62-1,Hexansäure kräftig,0.1473,105-54-4,Ethylbutyrat Kosher Halal,-0.14535,123-66-0,Ethylhexanoat Halal,-0.12192,0.6289,2305-21-7,trans-2-Hexen-1-ol Halal Kosher,0.69455,118-71-8,Maltol Kosher Halal,0.28483,3658-77-3,Furaneol Halal,0.16373,103-26-4,Methyl-trans-cinnamat,-0.15437,1754-62-7,Methyl-trans-cinnamat Halal,-0.11975,-0.0923,3681-71-8,cis-3-Hexenylacetat Halal Kosher,0.3148,103-26-4,Methyl-trans-cinnamat,-0.19158,64-19-7,Essigsäure Halal Kosher,0.12546,3658-77-3,Furaneol Halal,0.12439,590-86-3,Isovaleraldehyd Halal,-0.11071,0.0636,2305-21-7,trans-2-Hexen-1-ol Halal Kosher,-0.27781,118-71-8,Maltol Kosher Halal,0.16115,3658-77-3,Furaneol Halal,0.16031,3681-71-8,cis-3-Hexenylacetat Halal Kosher,-0.11839,659-70-1,Isoamylisovalerat Kosher Halal,-0.09831
187.414P,-0.3058,123-92-2,Isoamylacetat Halal,0.51358,8016-03-3,Davana-Öl,0.20378,116-53-0,2-Methylbuttersäure Halal Kosher,-0.18811,142-62-1,Hexansäure kräftig,-0.1715,123-66-0,Ethylhexanoat Halal,-0.157,-1.2003,706-14-9,gamma-Decalacton Kosher Halal,-0.17953,8016-03-3,Davana-Öl,-0.17535,928-96-1,cis-3-Hexen-1-ol Halal Kosher,-0.16913,64-19-7,Essigsäure Halal Kosher,-0.13921,1754-62-7,Methyl-trans-cinnamat Halal,-0.11975,0.2078,64-19-7,Essigsäure Halal Kosher,0.37112,1754-62-7,Methyl-trans-cinnamat Halal,-0.10567,116-53-0,2-Methylbuttersäure Halal Kosher,0.09353,142-62-1,Hexansäure kräftig,0.08157,7452-79-1,Ethyl-2-methylbutyrat Kosher Halal,0.07327,-0.5083,123-92-2,Isoamylacetat Halal,-0.34419,8016-03-3,Davana-Öl,-0.10058,659-70-1,Isoamylisovalerat Kosher Halal,-0.09831,123-66-0,Ethylhexanoat Halal,0.08424,111-27-3,Hexanol Kosher Halal,-0.08422
187.483P,6.2867,78-83-1,Isobutanol Halal,1.30347,67-64-1,Aceton,1.22069,50-81-7,Vitamin C (Ascorbinsäure E300) Kosh,1.11113,123-92-2,Isoamylacetat Halal,0.67376,3681-71-8,cis-3-Hexenylacetat Halal Kosher,0.55384,-2.7904,78-83-1,Isobutanol Halal,-0.77357,67-64-1,Aceton,-0.60121,50-81-7,Vitamin C (Ascorbinsäure E300) Kosh,-0.53238,928-96-1,cis-3-Hexen-1-ol Halal Kosher,0.28067,105-54-4,Ethylbutyrat Kosher Halal,-0.20247,1.2161,3681-71-8,cis-3-Hexenylacetat Halal Kosher,0.55728,141-78-6,Ethylacetat Kosher Halal,0.31102,50-81-7,Vitamin C (Ascorbinsäure E300) Kosh,0.2424,67-64-1,Aceton,0.22216,116-53-0,2-Methylbuttersäure Halal Kosher,-0.19205,-3.5225,67-64-1,Aceton,-0.77897,78-83-1,Isobutanol Halal,-0.76227,50-81-7,Vitamin C (Ascorbinsäure E300) Kosh,-0.72998,123-92-2,Isoamylacetat Halal,-0.45155,3681-71-8,cis-3-Hexenylacetat Halal Kosher,-0.20958
187.519P,1.3484,100-52-7,Benzaldehyd Kosher Halal,0.29814,659-70-1,Isoamylisovalerat Kosher Halal,0.25829,706-14-9,gamma-Decalacton Kosher Halal,0.24097,120-57-0,Heliotropin Halal,0.23832,928-96-1,cis-3-Hexen-1-ol Halal Kosher,0.16395,5.5068,100-52-7,Benzaldehyd Kosher Halal,1.28776,120-57-0,Heliotropin Halal,1.05063,868-57-5,Methyl-2-methylbutyrat,1.00366,928-96-1,cis-3-Hexen-1-ol Halal Kosher,0.77622,706-14-9,gamma-Decalacton Kosher Halal,0.39301,2.7591,868-57-5,Methyl-2-methylbutyrat,1.31582,120-57-0,Heliotropin Halal,0.54997,142-92-7,Hexylacetat Kosher Halal,0.32029,6728-26-3,trans-2-Hexenal Kosher Halal,0.2699,16491-36-4,cis-3-Hexenylbutyrat Halal,0.25952,0.3431,142-92-7,Hexylacetat Kosher Halal,0.46435,659-70-1,Isoamylisovalerat Kosher Halal,0.43833,868-57-5,Methyl-2-methylbutyrat,-0.31108,706-14-9,gamma-Decalacton Kosher Halal,-0.17191,1754-62-7,Methyl-trans-cinnamat Halal,-0.12372
187.521P,-1.5362,8016-26-0,Labdanum Absolue Halal,-0.27151,105-54-4,Ethylbutyrat Kosher Halal,-0.18822,105-57-7,Acetal Halal,-0.18547,107-92-6,Buttersäure Halal Kosher,-0.1695,116-53-0,2-Methylbuttersäure Halal Kosher,-0.16016,-2.71,107-92-6,Buttersäure Halal Kosher,-0.53043,8016-26-0,Labdanum Absolue Halal,-0.51704,85-91-6,Dimethylanthranilat,-0.4507,105-57-7,Acetal Halal,-0.35717,706-14-9,gamma-Decalacton Kosher Halal,-0.15954,-2.5566,107-92-6,Buttersäure Halal Kosher,-0.5159,8016-26-0,Labdanum Absolue Halal,-0.5096,105-57-7,Acetal Halal,-0.38878,85-91-6,Dimethylanthranilat,-0.37413,108-64-5,Ethylisovalerat Kosher Halal,-0.15012,0.164,108-64-5,Ethylisovalerat Kosher Halal,0.24741,105-57-7,Acetal Halal,-0.22735,659-70-1,Isoamylisovalerat Kosher Halal,-0.08603,111-27-3,Hexanol Kosher Halal,-0.08422,142-92-7,Hexylacetat Kosher Halal,-0.07831
187.522P,-1.3957,513-86-0,Acetoin 50% in PG Kosher Halal,-0.30864,3681-71-8,cis-3-Hexenylacetat Halal Kosher,0.20144,116-53-0,2-Methylbuttersäure Halal Kosher,-0.18811,7452-79-1,Ethyl-2-methylbutyrat Kosher Halal,-0.16885,142-62-1,Hexansäure kräftig,-0.15728,0.908,124-07-2,Octansäure,0.37658,868-57-5,Methyl-2-methylbutyrat,0.2588,109-52-4,Valeriansäure Kosher Halal,0.21921,109-94-4,Ethylformiat Halal,0.19565,928-96-1,cis-3-Hexen-1-ol Halal Kosher,0.13722,3.513,109-94-4,Ethylformiat Halal,0.60881,513-86-0,Acetoin 50% in PG Kosher Halal,0.58939,109-52-4,Valeriansäure Kosher Halal,0.45782,124-07-2,Octansäure,0.4032,868-57-5,Methyl-2-methylbutyrat,0.33929,-0.8673,109-94-4,Ethylformiat Halal,-0.22294,124-07-2,Octansäure,-0.16948,109-52-4,Valeriansäure Kosher Halal,-0.11041,659-70-1,Isoamylisovalerat Kosher Halal,-0.09831,111-27-3,Hexanol Kosher Halal,-0.08422
187.567P,0.6279,66-25-1,Hexanal Kosher Halal,0.22232,142-92-7,Hexylacetat Kosher Halal,0.15058,659-70-1,Isoamylisovalerat Kosher Halal,0.13615,142-62-1,Hexansäure kräftig,0.09178,1754-62-7,Methyl-trans-cinnamat Halal,0.0833,1.0292,142-92-7,Hexylacetat Kosher Halal,0.24864,3658-77-3,Furaneol Halal,0.24104,1754-62-7,Methyl-trans-cinnamat Halal,0.19852,27625-35-0 ,Isoamyl-2-methylbutyrat,0.18699,659-70-1,Isoamylisovalerat Kosher Halal,0.13825,0.5617,142-92-7,Hexylacetat Kosher Halal,0.3269,3658-77-3,Furaneol Halal,0.18312,1754-62-7,Methyl-trans-cinnamat Halal,0.17517,141-78-6,Ethylacetat Kosher Halal,-0.09291,66-25-1,Hexanal Kosher Halal,0.08402,1.2946,142-92-7,Hexylacetat Kosher Halal,0.47393,3658-77-3,Furaneol Halal,0.23601,659-70-1,Isoamylisovalerat Kosher Halal,0.23106,27625-35-0 ,Isoamyl-2-methylbutyrat,0.16544,108-64-5,Ethylisovalerat Kosher Halal,0.10128
187.571P,1.9048,116-53-0,2-Methylbuttersäure Halal Kosher,0.47621,105-54-4,Ethylbutyrat Kosher Halal,0.41439,90045-90-2,Iris-Concrete,0.3824,623-42-7,Methylbutyrat Halal,0.36989,590-86-3,Isovaleraldehyd Halal,0.36316,-0.5804,90045-90-2,Iris-Concrete,-0.2557,105-54-4,Ethylbutyrat Kosher Halal,-0.19759,118-71-8,Maltol Kosher Halal,0.19246,104-67-6,gamma-Undecalacton Halal,-0.14771,116-53-0,2-Methylbuttersäure Halal Kosher,0.13152,-1.5156,90045-90-2,Iris-Concrete,-0.39967,623-42-7,Methylbutyrat Halal,-0.36065,590-86-3,Isovaleraldehyd Halal,-0.34875,116-53-0,2-Methylbuttersäure Halal Kosher,-0.23678,3681-71-8,cis-3-Hexenylacetat Halal Kosher,0.119,0.4411,590-86-3,Isovaleraldehyd Halal,0.20958,623-42-7,Methylbutyrat Halal,0.17097,118-71-8,Maltol Kosher Halal,0.10889,659-70-1,Isoamylisovalerat Kosher Halal,-0.09831,105-54-4,Ethylbutyrat Kosher Halal,-0.09392
187.608P,0.485,659-70-1,Isoamylisovalerat Kosher Halal,0.15329,142-62-1,Hexansäure kräftig,0.13269,142-92-7,Hexylacetat Kosher Halal,0.11348,2445-77-4,2-Methylbutylisovalerat,-0.09223,108-64-5,Ethylisovalerat Kosher Halal,0.09137,0.8834,24851-98-7,Methyldihydrojasmonat,0.2347,1754-62-7,Methyl-trans-cinnamat Halal,0.21234,142-92-7,Hexylacetat Kosher Halal,0.18738,659-70-1,Isoamylisovalerat Kosher Halal,0.15565,2445-77-4,2-Methylbutylisovalerat,0.11287,0.6681,2445-77-4,2-Methylbutylisovalerat,0.27575,142-92-7,Hexylacetat Kosher Halal,0.24636,1754-62-7,Methyl-trans-cinnamat Halal,0.18736,64-19-7,Essigsäure Halal Kosher,0.11553,141-78-6,Ethylacetat Kosher Halal,0.10246,0.8883,142-92-7,Hexylacetat Kosher Halal,0.35717,659-70-1,Isoamylisovalerat Kosher Halal,0.26014,108-64-5,Ethylisovalerat Kosher Halal,0.16216,3658-77-3,Furaneol Halal,0.10154,1754-62-7,Methyl-trans-cinnamat Halal,-0.09401
187.657P,1.7823,142-62-1,Hexansäure kräftig,0.67368,116-53-0,2-Methylbuttersäure Halal Kosher,0.64758,106-72-9  ,Melonal,0.30876,105-54-4,Ethylbutyrat Kosher Halal,0.19353,928-96-1,cis-3-Hexen-1-ol Halal Kosher,0.13546,0.6167,928-96-1,cis-3-Hexen-1-ol Halal Kosher,0.64131,111-27-3,Hexanol Kosher Halal,0.38059,116-53-0,2-Methylbuttersäure Halal Kosher,0.17885,1754-62-7,Methyl-trans-cinnamat Halal,-0.11975,106-72-9  ,Melonal,0.11237,-1.6635,106-72-9  ,Melonal,-0.33875,116-53-0,2-Methylbuttersäure Halal Kosher,-0.32199,142-62-1,Hexansäure kräftig,-0.32043,111-27-3,Hexanol Kosher Halal,-0.24056,103-26-4,Methyl-trans-cinnamat,-0.12896,1.0204,111-27-3,Hexanol Kosher Halal,0.5101,106-72-9  ,Melonal,0.21453,142-92-7,Hexylacetat Kosher Halal,0.12798,659-70-1,Isoamylisovalerat Kosher Halal,-0.09831,3658-77-3,Furaneol Halal,-0.06464
187.752P,0.0789,142-62-1,Hexansäure kräftig,0.16477,27625-35-0 ,Isoamyl-2-methylbutyrat,0.11813,111-27-3,Hexanol Kosher Halal,0.10812,106-27-4,Isoamylbutyrat Halal,0.08243,123-92-2,Isoamylacetat Halal,-0.07675,3.081,98-55-5,alpha-Terpineol Kosher Halal,0.71607,334-48-5,Decansäure,0.5393,27625-35-0 ,Isoamyl-2-methylbutyrat,0.49463,111-27-3,Hexanol Kosher Halal,0.3372,3658-77-3,Furaneol Halal,0.30945,0.5936,3658-77-3,Furaneol Halal,0.23509,124-07-2,Octansäure,0.22677,111-27-3,Hexanol Kosher Halal,-0.21313,334-48-5,Decansäure,0.11083,1754-62-7,Methyl-trans-cinnamat Halal,0.10948,2.2459,98-55-5,alpha-Terpineol Kosher Halal,0.50249,111-27-3,Hexanol Kosher Halal,0.45195,27625-35-0 ,Isoamyl-2-methylbutyrat,0.43764,334-48-5,Decansäure,0.42781,3658-77-3,Furaneol Halal,0.30298
187.753P,0.1283,142-62-1,Hexansäure kräftig,0.16836,27625-35-0 ,Isoamyl-2-methylbutyrat,0.11944,111-27-3,Hexanol Kosher Halal,0.10949,106-27-4,Isoamylbutyrat Halal,0.08353,123-92-2,Isoamylacetat Halal,-0.07675,2.6059,334-48-5,Decansäure,0.54518,27625-35-0 ,Isoamyl-2-methylbutyrat,0.50009,111-27-3,Hexanol Kosher Halal,0.34146,3658-77-3,Furaneol Halal,0.31344,928-96-1,cis-3-Hexen-1-ol Halal Kosher,0.25595,0.5249,3658-77-3,Furaneol Halal,0.23813,124-07-2,Octansäure,0.22983,111-27-3,Hexanol Kosher Halal,-0.21583,334-48-5,Decansäure,0.11204,1754-62-7,Methyl-trans-cinnamat Halal,0.11177,1.9073,111-27-3,Hexanol Kosher Halal,0.45766,27625-35-0 ,Isoamyl-2-methylbutyrat,0.44248,334-48-5,Decansäure,0.43247,3658-77-3,Furaneol Halal,0.3069,98-55-5,alpha-Terpineol Kosher Halal,0.14637
187.773P,-1.3339,124-07-2,Octansäure,-0.31057,105-54-4,Ethylbutyrat Kosher Halal,-0.26296,140-11-4,Benzylacetat Halal,-0.25857,539-82-2,Ethylvalerat,-0.24292,2445-77-4,2-Methylbutylisovalerat,-0.19811,1.5102,124-07-2,Octansäure,1.09913,142-92-7,Hexylacetat Kosher Halal,0.2786,539-82-2,Ethylvalerat,0.26103,2445-77-4,2-Methylbutylisovalerat,0.24245,928-96-1,cis-3-Hexen-1-ol Halal Kosher,-0.24143,4.0888,124-07-2,Octansäure,1.17683,539-82-2,Ethylvalerat,0.81149,140-11-4,Benzylacetat Halal,0.70469,2445-77-4,2-Methylbutylisovalerat,0.59232,142-92-7,Hexylacetat Kosher Halal,0.36629,-0.1096,142-92-7,Hexylacetat Kosher Halal,0.53105,124-07-2,Octansäure,-0.49467,140-11-4,Benzylacetat Halal,0.10857,123-92-2,Isoamylacetat Halal,-0.1065,659-70-1,Isoamylisovalerat Kosher Halal,-0.0891
187.776,-1.8738,119-36-8,Methylsalicylat Halal,-0.45284,103-37-7,Benzylbutyrat,-0.40408,103-41-3,Benzylcinnamat Halal,-0.33119,105-54-4,Ethylbutyrat Kosher Halal,0.24627,108-64-5,Ethylisovalerat Kosher Halal,0.19341,-0.6413,100-52-7,Benzaldehyd Kosher Halal,0.26409,706-14-9,gamma-Decalacton Kosher Halal,-0.23809,108-64-5,Ethylisovalerat Kosher Halal,-0.19503,119-36-8,Methylsalicylat Halal,-0.16552,928-96-1,cis-3-Hexen-1-ol Halal Kosher,0.13853,-0.4715,108-64-5,Ethylisovalerat Kosher Halal,-0.20827,140-11-4,Benzylacetat Halal,0.14204,1754-62-7,Methyl-trans-cinnamat Halal,-0.10567,7452-79-1,Ethyl-2-methylbutyrat Kosher Halal,0.0981,103-41-3,Benzylcinnamat Halal,-0.09399,1.6763,119-36-8,Methylsalicylat Halal,0.46326,103-41-3,Benzylcinnamat Halal,0.34739,108-64-5,Ethylisovalerat Kosher Halal,0.34327,103-37-7,Benzylbutyrat,0.29525,706-14-9,gamma-Decalacton Kosher Halal,0.10414
187.783P,-0.9134,503-74-2,Isovaleriansäure Halal,0.53138,105-54-4,Ethylbutyrat Kosher Halal,-0.28704,116-53-0,2-Methylbuttersäure Halal Kosher,-0.16674,7452-79-1,Ethyl-2-methylbutyrat Kosher Halal,-0.15777,142-62-1,Hexansäure kräftig,-0.15036,-0.9996,503-74-2,Isovaleriansäure Halal,-0.33684,928-96-1,cis-3-Hexen-1-ol Halal Kosher,-0.20029,706-14-9,gamma-Decalacton Kosher Halal,-0.184,105-54-4,Ethylbutyrat Kosher Halal,0.13687,1754-62-7,Methyl-trans-cinnamat Halal,-0.11975,0.2606,503-74-2,Isovaleriansäure Halal,0.57409,1754-62-7,Methyl-trans-cinnamat Halal,-0.10567,2445-77-4,2-Methylbutylisovalerat,0.08785,116-53-0,2-Methylbuttersäure Halal Kosher,0.08291,7452-79-1,Ethyl-2-methylbutyrat Kosher Halal,0.08186,-0.8673,503-74-2,Isovaleriansäure Halal,-1.03343,706-14-9,gamma-Decalacton Kosher Halal,0.08049,121-33-5,Vanillin ex Eugenol,-0.06966,123-66-0,Ethylhexanoat Halal,0.06714,105-54-4,Ethylbutyrat Kosher Halal,0.06506
187.786P,0.955,123-66-0,Ethylhexanoat Halal,0.4985,100-52-7,Benzaldehyd Kosher Halal,0.18963,116-53-0,2-Methylbuttersäure Halal Kosher,-0.18811,7452-79-1,Ethyl-2-methylbutyrat Kosher Halal,0.18239,98-86-2,Acetophenon,0.16805,-0.5767,100-52-7,Benzaldehyd Kosher Halal,0.81907,123-66-0,Ethylhexanoat Halal,-0.25585,928-96-1,cis-3-Hexen-1-ol Halal Kosher,-0.24878,103-26-4,Methyl-trans-cinnamat,-0.16482,1754-62-7,Methyl-trans-cinnamat Halal,-0.11975,-1.6537,98-86-2,Acetophenon,-0.32976,103-26-4,Methyl-trans-cinnamat,-0.20456,8022-96-6,Jasmin-Absolue (blumig) Halal,-0.14149,68647-72-3,Orangenterpene,-0.128,1754-62-7,Methyl-trans-cinnamat Halal,-0.10567,-0.4478,123-66-0,Ethylhexanoat Halal,-0.26746,108-64-5,Ethylisovalerat Kosher Halal,0.14436,659-70-1,Isoamylisovalerat Kosher Halal,-0.09831,98-86-2,Acetophenon,-0.09275,111-27-3,Hexanol Kosher Halal,-0.08422
187.787P,-0.007,105-54-4,Ethylbutyrat Kosher Halal,0.1512,123-66-0,Ethylhexanoat Halal,0.13929,123-92-2,Isoamylacetat Halal,-0.07675,1754-62-7,Methyl-trans-cinnamat Halal,-0.05025,134-20-3,Methylanthranilat Halal,-0.04829,-0.8811,8016-38-4,Neroli-Öl Tunisien,-0.1681,1754-62-7,Methyl-trans-cinnamat Halal,-0.11975,100-52-7,Benzaldehyd Kosher Halal,-0.0826,706-14-9,gamma-Decalacton Kosher Halal,-0.0776,105-54-4,Ethylbutyrat Kosher Halal,-0.07209,-0.6552,8016-38-4,Neroli-Öl Tunisien,-0.1306,1754-62-7,Methyl-trans-cinnamat Halal,-0.10567,103-26-4,Methyl-trans-cinnamat,-0.08365,124-07-2,Octansäure,-0.06045,141-78-6,Ethylacetat Kosher Halal,-0.0585,0.173,123-66-0,Ethylhexanoat Halal,-0.07473,121-33-5,Vanillin ex Eugenol,-0.06966,3658-77-3,Furaneol Halal,-0.06464,1754-62-7,Methyl-trans-cinnamat Halal,0.05302,123-92-2,Isoamylacetat Halal,0.05144
187.791P,1.9812,105-54-4,Ethylbutyrat Kosher Halal,0.67599,8016-03-3,Davana-Öl,0.60801,7452-79-1,Ethyl-2-methylbutyrat Kosher Halal,0.463,103-26-4,Methyl-trans-cinnamat,0.39284,141-78-6,Ethylacetat Kosher Halal,0.1966,-2.6103,103-26-4,Methyl-trans-cinnamat,-0.57355,8016-03-3,Davana-Öl,-0.52318,105-54-4,Ethylbutyrat Kosher Halal,-0.32232,928-96-1,cis-3-Hexen-1-ol Halal Kosher,-0.2047,1754-62-7,Methyl-trans-cinnamat Halal,-0.11975,-0.9074,103-26-4,Methyl-trans-cinnamat,-0.71183,141-78-6,Ethylacetat Kosher Halal,0.30935,7452-79-1,Ethyl-2-methylbutyrat Kosher Halal,-0.24021,64-19-7,Essigsäure Halal Kosher,0.2144,8016-03-3,Davana-Öl,-0.14479,-0.6685,8016-03-3,Davana-Öl,-0.3001,108-64-5,Ethylisovalerat Kosher Halal,0.17493,105-54-4,Ethylbutyrat Kosher Halal,-0.15321,659-70-1,Isoamylisovalerat Kosher Halal,-0.09831,111-27-3,Hexanol Kosher Halal,-0.08422
187.799P,1.2487,123-86-4,Butylacetat Kosher Halal,0.61912,590-86-3,Isovaleraldehyd Halal,0.19368,142-62-1,Hexansäure kräftig,0.15803,79-09-4,Propionsäure Kosher Halal,0.13978,659-70-1,Isoamylisovalerat Kosher Halal,0.12206,1.194,123-86-4,Butylacetat Kosher Halal,0.62681,3658-77-3,Furaneol Halal,0.34799,111-27-3,Hexanol Kosher Halal,0.18333,6728-26-3,trans-2-Hexenal Kosher Halal,0.18027,103-26-4,Methyl-trans-cinnamat,-0.15821,-1.7036,123-86-4,Butylacetat Kosher Halal,-0.85219,3658-77-3,Furaneol Halal,0.26437,103-26-4,Methyl-trans-cinnamat,-0.19635,590-86-3,Isovaleraldehyd Halal,-0.18599,6728-26-3,trans-2-Hexenal Kosher Halal,0.17774,1.9094,123-86-4,Butylacetat Kosher Halal,0.51852,3658-77-3,Furaneol Halal,0.34072,111-27-3,Hexanol Kosher Halal,0.24572,659-70-1,Isoamylisovalerat Kosher Halal,0.20715,590-86-3,Isovaleraldehyd Halal,0.11177
187.800P,-1.4018,105-54-4,Ethylbutyrat Kosher Halal,-0.26195,142-62-1,Hexansäure kräftig,-0.1715,116-53-0,2-Methylbuttersäure Halal Kosher,-0.15162,123-66-0,Ethylhexanoat Halal,-0.13303,7452-79-1,Ethyl-2-methylbutyrat Kosher Halal,-0.12041,-0.7685,928-96-1,cis-3-Hexen-1-ol Halal Kosher,-0.24878,706-14-9,gamma-Decalacton Kosher Halal,-0.14485,105-54-4,Ethylbutyrat Kosher Halal,0.1249,1754-62-7,Methyl-trans-cinnamat Halal,-0.11975,100-52-7,Benzaldehyd Kosher Halal,-0.0826,-0.1613,121-33-5,Vanillin ex Eugenol,0.12234,1754-62-7,Methyl-trans-cinnamat Halal,-0.10567,141-78-6,Ethylacetat Kosher Halal,-0.09291,142-62-1,Hexansäure kräftig,0.08157,64-19-7,Essigsäure Halal Kosher,-0.07821,0.3833,121-33-5,Vanillin ex Eugenol,0.16405,659-70-1,Isoamylisovalerat Kosher Halal,-0.09831,111-27-3,Hexanol Kosher Halal,-0.08422,142-92-7,Hexylacetat Kosher Halal,-0.07831,123-66-0,Ethylhexanoat Halal,0.07137
187.826P,-1.7819,105-54-4,Ethylbutyrat Kosher Halal,-0.32637,7452-79-1,Ethyl-2-methylbutyrat Kosher Halal,-0.18908,116-53-0,2-Methylbuttersäure Halal Kosher,-0.18796,142-62-1,Hexansäure kräftig,-0.17125,123-66-0,Ethylhexanoat Halal,-0.16763,-0.6863,928-96-1,cis-3-Hexen-1-ol Halal Kosher,-0.24863,706-14-9,gamma-Decalacton Kosher Halal,-0.23801,105-54-4,Ethylbutyrat Kosher Halal,0.15562,1754-62-7,Methyl-trans-cinnamat Halal,-0.11975,123-66-0,Ethylhexanoat Halal,0.08603,-0.2687,1754-62-7,Methyl-trans-cinnamat Halal,-0.10567,7452-79-1,Ethyl-2-methylbutyrat Kosher Halal,0.0981,116-53-0,2-Methylbuttersäure Halal Kosher,0.09346,141-78-6,Ethylacetat Kosher Halal,-0.09291,142-62-1,Hexansäure kräftig,0.08145,0.0922,706-14-9,gamma-Decalacton Kosher Halal,0.10411,659-70-1,Isoamylisovalerat Kosher Halal,-0.09831,123-66-0,Ethylhexanoat Halal,0.08994,111-27-3,Hexanol Kosher Halal,-0.08417,142-92-7,Hexylacetat Kosher Halal,-0.07831
187.829P,-0.8542,142-62-1,Hexansäure kräftig,0.20883,7452-79-1,Ethyl-2-methylbutyrat Kosher Halal,-0.18909,8008-79-5,Grüne Minze-Öl Amerikanisch,-0.15532,105-54-4,Ethylbutyrat Kosher Halal,-0.15049,706-14-9,gamma-Decalacton Kosher Halal,-0.11126,-0.6925,928-96-1,cis-3-Hexen-1-ol Halal Kosher,-0.21367,706-14-9,gamma-Decalacton Kosher Halal,-0.18147,111-27-3,Hexanol Kosher Halal,0.1611,1754-62-7,Methyl-trans-cinnamat Halal,-0.11975,8008-79-5,Grüne Minze-Öl Amerikanisch,-0.09607,-0.9649,8008-79-5,Grüne Minze-Öl Amerikanisch,-0.18483,1754-62-7,Methyl-trans-cinnamat Halal,-0.10567,111-27-3,Hexanol Kosher Halal,-0.10183,142-62-1,Hexansäure kräftig,-0.09933,7452-79-1,Ethyl-2-methylbutyrat Kosher Halal,0.0981,0.4072,111-27-3,Hexanol Kosher Halal,0.21592,8008-79-5,Grüne Minze-Öl Amerikanisch,0.14805,659-70-1,Isoamylisovalerat Kosher Halal,-0.09831,706-14-9,gamma-Decalacton Kosher Halal,0.07938,142-92-7,Hexylacetat Kosher Halal,-0.07831
187.834P,0.6813,5471-51-2,Himbeerketon Halal,0.55403,105-37-3,Ethylpropionat Halal,0.21893,68647-72-3,Orangenterpene,0.1408,706-14-9,gamma-Decalacton Kosher Halal,-0.11027,106-27-4,Isoamylbutyrat Halal,0.10954,-2.5722,105-37-3,Ethylpropionat Halal,-0.68468,5471-51-2,Himbeerketon Halal,-0.46268,68647-72-3,Orangenterpene,-0.39303,928-96-1,cis-3-Hexen-1-ol Halal Kosher,-0.19811,706-14-9,gamma-Decalacton Kosher Halal,-0.17985,-0.444,68647-72-3,Orangenterpene,-0.4906,5471-51-2,Himbeerketon Halal,0.28043,64-19-7,Essigsäure Halal Kosher,0.27832,105-37-3,Ethylpropionat Halal,-0.2765,1754-62-7,Methyl-trans-cinnamat Halal,-0.10567,0.2289,5471-51-2,Himbeerketon Halal,-0.4107,108-64-5,Ethylisovalerat Kosher Halal,0.16605,106-27-4,Isoamylbutyrat Halal,0.16087,68647-72-3,Orangenterpene,0.13361,659-70-1,Isoamylisovalerat Kosher Halal,0.12098
187.843P,-1.0472,105-54-4,Ethylbutyrat Kosher Halal,-0.19571,8008-79-5,Grüne Minze-Öl Amerikanisch,-0.18136,116-53-0,2-Methylbuttersäure Halal Kosher,-0.13224,7452-79-1,Ethyl-2-methylbutyrat Kosher Halal,-0.12613,111-27-3,Hexanol Kosher Halal,0.12245,-0.4255,111-27-3,Hexanol Kosher Halal,0.38191,928-96-1,cis-3-Hexen-1-ol Halal Kosher,-0.23705,105-37-3,Ethylpropionat Halal,-0.13311,1754-62-7,Methyl-trans-cinnamat Halal,-0.11975,706-14-9,gamma-Decalacton Kosher Halal,-0.11956,-1.0503,111-27-3,Hexanol Kosher Halal,-0.24139,8008-79-5,Grüne Minze-Öl Amerikanisch,-0.21581,1754-62-7,Methyl-trans-cinnamat Halal,-0.10567,141-78-6,Ethylacetat Kosher Halal,-0.0682,116-53-0,2-Methylbuttersäure Halal Kosher,0.06575,1.0982,111-27-3,Hexanol Kosher Halal,0.51186,659-70-1,Isoamylisovalerat Kosher Halal,0.17957,8008-79-5,Grüne Minze-Öl Amerikanisch,0.17287,121-33-5,Vanillin ex Eugenol,-0.06966,142-92-7,Hexylacetat Kosher Halal,-0.06552
187.870P,-0.9976,142-62-1,Hexansäure kräftig,-0.14703,123-66-0,Ethylhexanoat Halal,-0.14605,706-14-9,gamma-Decalacton Kosher Halal,-0.10849,123-92-2,Isoamylacetat Halal,-0.07675,116-53-0,2-Methylbuttersäure Halal Kosher,-0.07408,-0.2826,24851-98-7,Methyldihydrojasmonat,0.18328,706-14-9,gamma-Decalacton Kosher Halal,-0.17695,928-96-1,cis-3-Hexen-1-ol Halal Kosher,-0.10257,100-52-7,Benzaldehyd Kosher Halal,-0.0826,2445-77-4,2-Methylbutylisovalerat,0.07966,-0.1169,2445-77-4,2-Methylbutylisovalerat,0.19461,64-19-7,Essigsäure Halal Kosher,-0.07821,103-26-4,Methyl-trans-cinnamat,0.07027,142-62-1,Hexansäure kräftig,0.06993,141-78-6,Ethylacetat Kosher Halal,-0.06904,-0.0626,659-70-1,Isoamylisovalerat Kosher Halal,-0.09831,111-27-3,Hexanol Kosher Halal,-0.08422,123-66-0,Ethylhexanoat Halal,0.07836,142-92-7,Hexylacetat Kosher Halal,-0.07831,706-14-9,gamma-Decalacton Kosher Halal,0.0774
187.885P,-0.8824,2432-51-1,S-(Methylthio)butyrat,-0.30624,3142-72-1,2-Methyl-2-pentensäure,-0.27867,7011-83-8,Lactojasmon,0.22468,142-62-1,Hexansäure kräftig,-0.1715,105-54-4,Ethylbutyrat Kosher Halal,0.16034,-1.346,3142-72-1,2-Methyl-2-pentensäure,-0.40913,2432-51-1,S-(Methylthio)butyrat,-0.37313,928-96-1,cis-3-Hexen-1-ol Halal Kosher,-0.21046,100-52-7,Benzaldehyd Kosher Halal,0.2058,2305-05-7,gamma-Dodecalacton Halal,-0.16889,2.2732,2432-51-1,S-(Methylthio)butyrat,0.7704,3142-72-1,2-Methyl-2-pentensäure,0.76985,7011-83-8,Lactojasmon,0.50655,2305-05-7,gamma-Dodecalacton Halal,0.50495,141-78-6,Ethylacetat Kosher Halal,-0.09291,0.6089,3142-72-1,2-Methyl-2-pentensäure,0.8556,7011-83-8,Lactojasmon,-0.46026,2432-51-1,S-(Methylthio)butyrat,0.28949,659-70-1,Isoamylisovalerat Kosher Halal,-0.09831,111-27-3,Hexanol Kosher Halal,-0.08422
187.886P,-1.098,617-35-6,Ethylpyruvat,-0.19406,7452-79-1,Ethyl-2-methylbutyrat Kosher Halal,-0.18853,116-53-0,2-Methylbuttersäure Halal Kosher,-0.18811,105-54-4,Ethylbutyrat Kosher Halal,0.15495,142-62-1,Hexansäure kräftig,-0.14642,-1.6456,617-35-6,Ethylpyruvat,-0.31396,928-96-1,cis-3-Hexen-1-ol Halal Kosher,-0.24878,100-51-6,Benzylalkohol Halal,-0.22256,706-14-9,gamma-Decalacton Kosher Halal,-0.13528,1754-62-7,Methyl-trans-cinnamat Halal,-0.11975,-0.5273,78-70-6,Linalool ex HO,-0.14805,1754-62-7,Methyl-trans-cinnamat Halal,-0.10567,617-35-6,Ethylpyruvat,-0.1051,7452-79-1,Ethyl-2-methylbutyrat Kosher Halal,0.09781,116-53-0,2-Methylbuttersäure Halal Kosher,0.09353,-0.0657,100-51-6,Benzylalkohol Halal,0.14433,659-70-1,Isoamylisovalerat Kosher Halal,-0.09831,111-27-3,Hexanol Kosher Halal,-0.08422,142-92-7,Hexylacetat Kosher Halal,-0.07831,121-33-5,Vanillin ex Eugenol,-0.06966
187.892P,7.5469,33467-74-2,cis-3-Hexenylpropionat,1.33387,53398-85-9,cis-3-Hexenyl-2-methylbutyrat,1.31173,624-41-9,2-Methylbutylacetat Kosher Halal,1.20734,123-92-2,Isoamylacetat Halal,0.82777,7011-83-8,Lactojasmon,0.45352,-2.3285,53398-85-9,cis-3-Hexenyl-2-methylbutyrat,-0.45212,33467-74-2,cis-3-Hexenylpropionat,-0.44424,1754-62-7,Methyl-trans-cinnamat Halal,0.43391,624-41-9,2-Methylbutylacetat Kosher Halal,-0.43034,5471-51-2,Himbeerketon Halal,-0.34392,5.6746,33467-74-2,cis-3-Hexenylpropionat,1.13111,53398-85-9,cis-3-Hexenyl-2-methylbutyrat,1.12538,624-41-9,2-Methylbutylacetat Kosher Halal,1.06816,7011-83-8,Lactojasmon,1.02246,503-74-2,Isovaleriansäure Halal,0.41608,-9.2557,624-41-9,2-Methylbutylacetat Kosher Halal,-2.00558,33467-74-2,cis-3-Hexenylpropionat,-1.91806,53398-85-9,cis-3-Hexenyl-2-methylbutyrat,-1.91415,7011-83-8,Lactojasmon,-0.92902,503-74-2,Isovaleriansäure Halal,-0.749
187.895P,-1.4694,100-51-6,Benzylalkohol Halal,-0.287,123-66-0,Ethylhexanoat Halal,0.28601,705-86-2,delta-Decalacton Halal Kosher,-0.27355,116-53-0,2-Methylbuttersäure Halal Kosher,-0.18441,105-54-4,Ethylbutyrat Kosher Halal,-0.1569,-2.1816,705-86-2,delta-Decalacton Halal Kosher,-0.48048,100-51-6,Benzylalkohol Halal,-0.46115,928-96-1,cis-3-Hexen-1-ol Halal Kosher,-0.21461,121-33-5,Vanillin ex Eugenol,-0.18806,706-14-9,gamma-Decalacton Kosher Halal,-0.14977,0.9379,705-86-2,delta-Decalacton Halal Kosher,0.60964,121-33-5,Vanillin ex Eugenol,0.36879,140-11-4,Benzylacetat Halal,0.12951,100-51-6,Benzylalkohol Halal,0.10935,1754-62-7,Methyl-trans-cinnamat Halal,-0.10567,1.8177,705-86-2,delta-Decalacton Halal Kosher,1.13864,121-33-5,Vanillin ex Eugenol,0.4945,100-51-6,Benzylalkohol Halal,0.29905,123-66-0,Ethylhexanoat Halal,-0.15345,659-70-1,Isoamylisovalerat Kosher Halal,-0.09831
187.896P,-0.6349,7452-79-1,Ethyl-2-methylbutyrat Kosher Halal,0.18566,7011-83-8,Lactojasmon,0.17915,142-62-1,Hexansäure kräftig,-0.15314,105-54-4,Ethylbutyrat Kosher Halal,-0.14562,116-53-0,2-Methylbuttersäure Halal Kosher,-0.12692,-0.9048,104-67-6,gamma-Undecalacton Halal,-0.26369,928-96-1,cis-3-Hexen-1-ol Halal Kosher,-0.21657,111-13-7,2-Octanon Halal,-0.17262,100-52-7,Benzaldehyd Kosher Halal,-0.0826,105-54-4,Ethylbutyrat Kosher Halal,0.06943,0.1332,7011-83-8,Lactojasmon,0.40391,104-67-6,gamma-Undecalacton Halal,-0.18478,539-82-2,Ethylvalerat,0.09865,7452-79-1,Ethyl-2-methylbutyrat Kosher Halal,-0.09632,3681-71-8,cis-3-Hexenylacetat Halal Kosher,-0.07527,-0.5982,7011-83-8,Lactojasmon,-0.36699,111-13-7,2-Octanon Halal,-0.12397,659-70-1,Isoamylisovalerat Kosher Halal,-0.09831,104-67-6,gamma-Undecalacton Halal,0.08787,111-27-3,Hexanol Kosher Halal,-0.08422
187.897P,2.802,123-92-2,Isoamylacetat Halal,1.11082,540-18-1,Amylbutyrat,0.49524,105-54-4,Ethylbutyrat Kosher Halal,0.48297,123-66-0,Ethylhexanoat Halal,0.40845,7452-79-1,Ethyl-2-methylbutyrat Kosher Halal,0.30674,-0.251,706-14-9,gamma-Decalacton Kosher Halal,0.48849,105-54-4,Ethylbutyrat Kosher Halal,-0.23029,928-96-1,cis-3-Hexen-1-ol Halal Kosher,0.21515,123-66-0,Ethylhexanoat Halal,-0.20963,123-92-2,Isoamylacetat Halal,-0.20066,0.9709,7011-83-8,Lactojasmon,0.36418,540-18-1,Amylbutyrat,0.19353,7452-79-1,Ethyl-2-methylbutyrat Kosher Halal,-0.15914,1754-62-7,Methyl-trans-cinnamat Halal,0.14672,121-33-5,Vanillin ex Eugenol,0.12973,-2.2877,123-92-2,Isoamylacetat Halal,-0.74446,540-18-1,Amylbutyrat,-0.47409,7011-83-8,Lactojasmon,-0.3309,123-66-0,Ethylhexanoat Halal,-0.21914,706-14-9,gamma-Decalacton Kosher Halal,-0.21367
187.907,-1.6072,105-54-4,Ethylbutyrat Kosher Halal,-0.30767,142-62-1,Hexansäure kräftig,-0.1715,7452-79-1,Ethyl-2-methylbutyrat Kosher Halal,-0.16487,123-66-0,Ethylhexanoat Halal,-0.15779,116-53-0,2-Methylbuttersäure Halal Kosher,-0.14569,-0.6636,928-96-1,cis-3-Hexen-1-ol Halal Kosher,-0.24189,706-14-9,gamma-Decalacton Kosher Halal,-0.20216,105-54-4,Ethylbutyrat Kosher Halal,0.1467,1754-62-7,Methyl-trans-cinnamat Halal,-0.11975,100-52-7,Benzaldehyd Kosher Halal,-0.0826,-0.276,1754-62-7,Methyl-trans-cinnamat Halal,-0.10567,7452-79-1,Ethyl-2-methylbutyrat Kosher Halal,0.08554,142-62-1,Hexansäure kräftig,0.08157,64-19-7,Essigsäure Halal Kosher,-0.07724,141-78-6,Ethylacetat Kosher Halal,-0.07274,0.0694,659-70-1,Isoamylisovalerat Kosher Halal,-0.09831,706-14-9,gamma-Decalacton Kosher Halal,0.08843,123-66-0,Ethylhexanoat Halal,0.08466,111-27-3,Hexanol Kosher Halal,-0.08422,142-92-7,Hexylacetat Kosher Halal,-0.07831
187.914P,0.2028,79-09-4,Propionsäure Kosher Halal,0.21835,123-66-0,Ethylhexanoat Halal,-0.16775,103-26-4,Methyl-trans-cinnamat,0.14235,8016-03-3,Davana-Öl,0.09467,116-53-0,2-Methylbuttersäure Halal Kosher,0.08731,-1.2046,928-96-1,cis-3-Hexen-1-ol Halal Kosher,-0.24878,97-62-1,Ethylisobutyrat Halal,-0.23849,103-26-4,Methyl-trans-cinnamat,-0.20783,118-71-8,Maltol Kosher Halal,0.14317,79-09-4,Propionsäure Kosher Halal,-0.14248,-1.0683,103-26-4,Methyl-trans-cinnamat,-0.25793,79-09-4,Propionsäure Kosher Halal,-0.14103,1754-62-7,Methyl-trans-cinnamat Halal,-0.10567,97-62-1,Ethylisobutyrat Halal,-0.08348,3681-71-8,cis-3-Hexenylacetat Halal Kosher,-0.07527,-0.0212,79-09-4,Propionsäure Kosher Halal,0.10164,659-70-1,Isoamylisovalerat Kosher Halal,-0.09831,123-66-0,Ethylhexanoat Halal,0.09,111-27-3,Hexanol Kosher Halal,-0.08422,118-71-8,Maltol Kosher Halal,0.081
187.916P,-1.4043,105-54-4,Ethylbutyrat Kosher Halal,-0.26082,142-62-1,Hexansäure kräftig,-0.1715,116-53-0,2-Methylbuttersäure Halal Kosher,-0.1576,123-66-0,Ethylhexanoat Halal,-0.13242,7452-79-1,Ethyl-2-methylbutyrat Kosher Halal,-0.1192,-0.7491,928-96-1,cis-3-Hexen-1-ol Halal Kosher,-0.24878,706-14-9,gamma-Decalacton Kosher Halal,-0.14321,105-54-4,Ethylbutyrat Kosher Halal,0.12436,1754-62-7,Methyl-trans-cinnamat Halal,-0.11975,100-52-7,Benzaldehyd Kosher Halal,-0.0826,-0.2004,1754-62-7,Methyl-trans-cinnamat Halal,-0.10567,141-78-6,Ethylacetat Kosher Halal,-0.09291,142-62-1,Hexansäure kräftig,0.08157,121-33-5,Vanillin ex Eugenol,0.08108,116-53-0,2-Methylbuttersäure Halal Kosher,0.07836,0.3287,121-33-5,Vanillin ex Eugenol,0.10871,659-70-1,Isoamylisovalerat Kosher Halal,-0.09831,111-27-3,Hexanol Kosher Halal,-0.08422,142-92-7,Hexylacetat Kosher Halal,-0.07831,123-66-0,Ethylhexanoat Halal,0.07104
187.920P,-0.2597,7011-83-8,Lactojasmon,0.53845,141-78-6,Ethylacetat Kosher Halal,0.21051,109-94-4,Ethylformiat Halal,-0.19451,116-53-0,2-Methylbuttersäure Halal Kosher,-0.18759,124-07-2,Octansäure,-0.17291,1.8554,124-07-2,Octansäure,0.61195,109-94-4,Ethylformiat Halal,0.51771,868-57-5,Methyl-2-methylbutyrat,0.47322,33467-73-1,cis-3-Hexenylformiat Kosher Halal,0.41682,1754-62-7,Methyl-trans-cinnamat Halal,0.17116,6.6955,109-94-4,Ethylformiat Halal,1.611,7011-83-8,Lactojasmon,1.21394,33467-73-1,cis-3-Hexenylformiat Kosher Halal,1.16859,124-07-2,Octansäure,0.65521,868-57-5,Methyl-2-methylbutyrat,0.6204,-2.7071,7011-83-8,Lactojasmon,-1.10299,109-94-4,Ethylformiat Halal,-0.58995,33467-73-1,cis-3-Hexenylformiat Kosher Halal,-0.36096,124-07-2,Octansäure,-0.27541,868-57-5,Methyl-2-methylbutyrat,-0.14667
187.923P,2.3668,105-54-4,Ethylbutyrat Kosher Halal,0.72458,123-66-0,Ethylhexanoat Halal,0.71817,79-09-4,Propionsäure Kosher Halal,0.24293,116-53-0,2-Methylbuttersäure Halal Kosher,0.2248,103-26-4,Methyl-trans-cinnamat,0.19851,-2.9723,85-91-6,Dimethylanthranilat,-0.58303,123-66-0,Ethylhexanoat Halal,-0.3686,105-54-4,Ethylbutyrat Kosher Halal,-0.34549,105-37-3,Ethylpropionat Halal,-0.3454,103-26-4,Methyl-trans-cinnamat,-0.28983,-2.2188,85-91-6,Dimethylanthranilat,-0.48397,103-26-4,Methyl-trans-cinnamat,-0.3597,79-09-4,Propionsäure Kosher Halal,-0.15691,105-37-3,Ethylpropionat Halal,-0.13948,75-18-3,Dimethylsulfid,-0.12587,-0.8035,123-66-0,Ethylhexanoat Halal,-0.38532,105-54-4,Ethylbutyrat Kosher Halal,-0.16422,79-09-4,Propionsäure Kosher Halal,0.11308,659-70-1,Isoamylisovalerat Kosher Halal,-0.09831,85-91-6,Dimethylanthranilat,-0.09579
188.118P,1.3638,7452-79-1,Ethyl-2-methylbutyrat Kosher Halal,0.70317,105-54-4,Ethylbutyrat Kosher Halal,0.66531,1754-62-7,Methyl-trans-cinnamat Halal,0.25503,123-66-0,Ethylhexanoat Halal,0.20563,706-14-9,gamma-Decalacton Kosher Halal,0.20553,-0.456,1754-62-7,Methyl-trans-cinnamat Halal,0.60775,105-57-7,Acetal Halal,-0.37452,706-14-9,gamma-Decalacton Kosher Halal,0.33522,105-54-4,Ethylbutyrat Kosher Halal,-0.31723,7452-79-1,Ethyl-2-methylbutyrat Kosher Halal,-0.13921,-0.2866,1754-62-7,Methyl-trans-cinnamat Halal,0.53627,105-57-7,Acetal Halal,-0.40765,7452-79-1,Ethyl-2-methylbutyrat Kosher Halal,-0.36482,431-03-8,Diacetyl Halal,0.10416,64-19-7,Essigsäure Halal Kosher,-0.07821,-1.0172,1754-62-7,Methyl-trans-cinnamat Halal,-0.26909,105-57-7,Acetal Halal,-0.23839,431-03-8,Diacetyl Halal,0.20324,105-54-4,Ethylbutyrat Kosher Halal,-0.15079,706-14-9,gamma-Decalacton Kosher Halal,-0.14663
188.375P,-0.823,97-64-3,Ethyllactat Halal,-0.31621,116-53-0,2-Methylbuttersäure Halal Kosher,-0.10687,123-66-0,Ethylhexanoat Halal,0.1045,142-62-1,Hexansäure kräftig,0.09717,123-92-2,Isoamylacetat Halal,-0.07675,-1.6615,85-91-6,Dimethylanthranilat,-0.3439,97-64-3,Ethyllactat Halal,-0.28239,928-96-1,cis-3-Hexen-1-ol Halal Kosher,-0.23844,1754-62-7,Methyl-trans-cinnamat Halal,-0.11975,706-14-9,gamma-Decalacton Kosher Halal,-0.08513,-0.8867,85-91-6,Dimethylanthranilat,-0.28547,1754-62-7,Methyl-trans-cinnamat Halal,-0.10567,141-78-6,Ethylacetat Kosher Halal,-0.09291,64-19-7,Essigsäure Halal Kosher,-0.07821,97-64-3,Ethyllactat Halal,0.06876,-0.3842,97-64-3,Ethyllactat Halal,-0.11515,659-70-1,Isoamylisovalerat Kosher Halal,-0.09831,111-27-3,Hexanol Kosher Halal,-0.08422,142-92-7,Hexylacetat Kosher Halal,-0.07831,121-33-5,Vanillin ex Eugenol,-0.06966
188.402P,-1.7807,105-54-4,Ethylbutyrat Kosher Halal,-0.32624,7452-79-1,Ethyl-2-methylbutyrat Kosher Halal,-0.18889,116-53-0,2-Methylbuttersäure Halal Kosher,-0.18776,142-62-1,Hexansäure kräftig,-0.1715,123-66-0,Ethylhexanoat Halal,-0.16766,-0.6865,928-96-1,cis-3-Hexen-1-ol Halal Kosher,-0.24872,706-14-9,gamma-Decalacton Kosher Halal,-0.23779,105-54-4,Ethylbutyrat Kosher Halal,0.15556,1754-62-7,Methyl-trans-cinnamat Halal,-0.11975,123-66-0,Ethylhexanoat Halal,0.08605,-0.2693,1754-62-7,Methyl-trans-cinnamat Halal,-0.10567,7452-79-1,Ethyl-2-methylbutyrat Kosher Halal,0.098,116-53-0,2-Methylbuttersäure Halal Kosher,0.09336,141-78-6,Ethylacetat Kosher Halal,-0.09274,142-62-1,Hexansäure kräftig,0.08157,0.0918,706-14-9,gamma-Decalacton Kosher Halal,0.10401,659-70-1,Isoamylisovalerat Kosher Halal,-0.09831,123-66-0,Ethylhexanoat Halal,0.08996,111-27-3,Hexanol Kosher Halal,-0.08422,142-92-7,Hexylacetat Kosher Halal,-0.07831
188.412P,3.3647,27625-35-0,Isoamyl-2-methylbutyrat,0.75867,659-70-1,Isoamylisovalerat Kosher Halal,0.68362,112-14-1,Octylacetat,0.59468,106-32-1,Ethyloctanoat Halal Kosher,0.43046,116-53-0,2-Methylbuttersäure Halal Kosher,0.34265,4.8044,928-96-1,cis-3-Hexen-1-ol Halal Kosher,1.03398,112-14-1,Octylacetat,0.91662,27625-35-0,Isoamyl-2-methylbutyrat,0.75934,659-70-1,Isoamylisovalerat Kosher Halal,0.69413,106-32-1,Ethyloctanoat Halal Kosher,0.68687,-4.7513,27625-35-0,Isoamyl-2-methylbutyrat,-0.95583,112-14-1,Octylacetat,-0.94707,106-32-1,Ethyloctanoat Halal Kosher,-0.71396,659-70-1,Isoamylisovalerat Kosher Halal,-0.41578,111-27-3,Hexanol Kosher Halal,-0.37332,4.466,659-70-1,Isoamylisovalerat Kosher Halal,1.16013,112-14-1,Octylacetat,0.9255,106-32-1,Ethyloctanoat Halal Kosher,0.83569,27625-35-0,Isoamyl-2-methylbutyrat,0.81279,111-27-3,Hexanol Kosher Halal,0.79163
188.481KHP,-1.7629,765-70-8,Cycloten Halal Kosher,-0.39335,4166-20-5,Furaneolacetat Halal Kosher,-0.31158,705-86-2,delta-Decalacton Halal Kosher,-0.29888,116-53-0,2-Methylbuttersäure Halal Kosher,-0.17358,659-70-1,Isoamylisovalerat Kosher Halal,0.16376,-3.0604,765-70-8,Cycloten Halal Kosher,-0.64684,431-03-8,Diacetyl Halal,-0.64505,121-33-5,Vanillin ex Eugenol,-0.5876,4166-20-5,Furaneolacetat Halal Kosher,-0.58388,705-86-2,delta-Decalacton Halal Kosher,-0.52496,5.2864,765-70-8,Cycloten Halal Kosher,1.22034,121-33-5,Vanillin ex Eugenol,1.15231,4166-20-5,Furaneolacetat Halal Kosher,1.05374,705-86-2,delta-Decalacton Halal Kosher,0.66608,431-03-8,Diacetyl Halal,0.6507,9.3754,765-70-8,Cycloten Halal Kosher,1.95171,4166-20-5,Furaneolacetat Halal Kosher,1.94287,121-33-5,Vanillin ex Eugenol,1.54511,431-03-8,Diacetyl Halal,1.26968,705-86-2,delta-Decalacton Halal Kosher,1.24406
188.491P,0.1195,706-14-9,gamma-Decalacton Kosher Halal,0.25751,105-54-4,Ethylbutyrat Kosher Halal,0.16141,7452-79-1,Ethyl-2-methylbutyrat Kosher Halal,0.11378,142-62-1,Hexansäure kräftig,-0.08443,123-92-2,Isoamylacetat Halal,-0.07675,0.3483,706-14-9,gamma-Decalacton Kosher Halal,0.42,3658-77-3,Furaneol Halal,0.32532,1754-62-7,Methyl-trans-cinnamat Halal,-0.11975,928-96-1,cis-3-Hexen-1-ol Halal Kosher,-0.10836,100-52-7,Benzaldehyd Kosher Halal,-0.0826,-0.2063,3658-77-3,Furaneol Halal,0.24715,1754-62-7,Methyl-trans-cinnamat Halal,-0.10567,141-78-6,Ethylacetat Kosher Halal,-0.09291,64-19-7,Essigsäure Halal Kosher,-0.07821,3681-71-8,cis-3-Hexenylacetat Halal Kosher,-0.0675,0.3084,3658-77-3,Furaneol Halal,0.31853,706-14-9,gamma-Decalacton Kosher Halal,-0.18371,659-70-1,Isoamylisovalerat Kosher Halal,0.06439,111-27-3,Hexanol Kosher Halal,-0.06377,1754-62-7,Methyl-trans-cinnamat Halal,0.05302
188.560P,0.9089,142-62-1,Hexansäure kräftig,0.6254,123-92-2,Isoamylacetat Halal,0.4042,659-70-1,Isoamylisovalerat Kosher Halal,0.26869,123-66-0,Ethylhexanoat Halal,-0.08897,141-78-6,Ethylacetat Kosher Halal,0.08293,-0.5262,659-70-1,Isoamylisovalerat Kosher Halal,0.27282,928-96-1,cis-3-Hexen-1-ol Halal Kosher,-0.1943,100-52-7,Benzaldehyd Kosher Halal,-0.0826,64-19-7,Essigsäure Halal Kosher,-0.07919,1754-62-7,Methyl-trans-cinnamat Halal,-0.07547,-0.4681,142-62-1,Hexansäure kräftig,-0.29746,64-19-7,Essigsäure Halal Kosher,0.21112,659-70-1,Isoamylisovalerat Kosher Halal,-0.16342,141-78-6,Ethylacetat Kosher Halal,0.13049,103-26-4,Methyl-trans-cinnamat,0.07027,0.1053,659-70-1,Isoamylisovalerat Kosher Halal,0.45598,123-92-2,Isoamylacetat Halal,-0.27089,111-27-3,Hexanol Kosher Halal,-0.08422,142-92-7,Hexylacetat Kosher Halal,-0.07831,121-33-5,Vanillin ex Eugenol,-0.06966
188.639P,-2.5969,31501-11-8,cis-3-Hexenylhexanoat Halal,-0.50104,4643-27-0,2-Octen-4-on,-0.45898,7452-79-1,Ethyl-2-methylbutyrat Kosher Halal,-0.18909,116-53-0,2-Methylbuttersäure Halal Kosher,-0.18811,16491-36-4,cis-3-Hexenylbutyrat Halal,-0.18631,-2.2218,64-19-7,Essigsäure Halal Kosher,-0.44587,4643-27-0,2-Octen-4-on,-0.4239,31501-11-8,cis-3-Hexenylhexanoat Halal,-0.28758,706-14-9,gamma-Decalacton Kosher Halal,-0.22047,928-96-1,cis-3-Hexen-1-ol Halal Kosher,-0.21399,5.122,31501-11-8,cis-3-Hexenylhexanoat Halal,1.23233,64-19-7,Essigsäure Halal Kosher,1.18864,4643-27-0,2-Octen-4-on,1.02097,16491-36-4,cis-3-Hexenylbutyrat Halal,0.9306,2432-51-1,S-(Methylthio)butyrat,0.40139,2.1283,4643-27-0,2-Octen-4-on,0.44105,16491-36-4,cis-3-Hexenylbutyrat Halal,0.4086,765-70-8,Cycloten Halal Kosher,0.40018,31501-11-8,cis-3-Hexenylhexanoat Halal,0.38086,64-19-7,Essigsäure Halal Kosher,0.18097
188.656P,-1.1411,105-54-4,Ethylbutyrat Kosher Halal,-0.27339,142-62-1,Hexansäure kräftig,-0.15409,123-66-0,Ethylhexanoat Halal,-0.14212,7452-79-1,Ethyl-2-methylbutyrat Kosher Halal,-0.11025,123-92-2,Isoamylacetat Halal,-0.07675,-0.6099,928-96-1,cis-3-Hexen-1-ol Halal Kosher,-0.2136,105-54-4,Ethylbutyrat Kosher Halal,0.13036,1754-62-7,Methyl-trans-cinnamat Halal,-0.11975,100-52-7,Benzaldehyd Kosher Halal,-0.0826,103-26-4,Methyl-trans-cinnamat,-0.07421,-0.4936,1754-62-7,Methyl-trans-cinnamat Halal,-0.10567,103-26-4,Methyl-trans-cinnamat,-0.0921,141-78-6,Ethylacetat Kosher Halal,-0.09004,142-62-1,Hexansäure kräftig,0.07329,124-07-2,Octansäure,-0.06045,-0.0146,659-70-1,Isoamylisovalerat Kosher Halal,-0.09831,111-27-3,Hexanol Kosher Halal,-0.08422,142-92-7,Hexylacetat Kosher Halal,-0.07831,123-66-0,Ethylhexanoat Halal,0.07625,121-33-5,Vanillin ex Eugenol,-0.06966
188.668P,-1.0619,141-78-6,Ethylacetat Kosher Halal,0.34897,116-53-0,2-Methylbuttersäure Halal Kosher,-0.18811,7452-79-1,Ethyl-2-methylbutyrat Kosher Halal,-0.17759,103-26-4,Methyl-trans-cinnamat,0.17316,123-66-0,Ethylhexanoat Halal,-0.15011,-1.2252,103-26-4,Methyl-trans-cinnamat,-0.25281,928-96-1,cis-3-Hexen-1-ol Halal Kosher,-0.24545,141-78-6,Ethylacetat Kosher Halal,-0.15076,600-14-6,Acetylpropionyl Halal,-0.13815,1754-62-7,Methyl-trans-cinnamat Halal,-0.11975,0.1961,141-78-6,Ethylacetat Kosher Halal,0.5491,103-26-4,Methyl-trans-cinnamat,-0.31376,513-86-0,Acetoin 50% in PG Kosher Halal,0.11884,1754-62-7,Methyl-trans-cinnamat Halal,-0.10567,116-53-0,2-Methylbuttersäure Halal Kosher,0.09353,-0.103,659-70-1,Isoamylisovalerat Kosher Halal,-0.09831,141-78-6,Ethylacetat Kosher Halal,-0.09436,111-27-3,Hexanol Kosher Halal,-0.08422,123-66-0,Ethylhexanoat Halal,0.08054,142-92-7,Hexylacetat Kosher Halal,-0.07831
188.740P,2.0016,141-78-6,Ethylacetat Kosher Halal,0.80623,106-27-4,Isoamylbutyrat Halal,0.4118,25152-84-5 ,trans,0.35378,106-70-7,Methylhexanoat,0.35378,659-70-1,Isoamylisovalerat Kosher Halal,0.28782,-1.5907,142-92-7,Hexylacetat Kosher Halal,0.42652,141-78-6,Ethylacetat Kosher Halal,-0.34831,25152-84-5 ,trans,-0.30349,106-70-7,Methylhexanoat,-0.30349,121-33-5,Vanillin ex Eugenol,-0.30337,4.3409,141-78-6,Ethylacetat Kosher Halal,1.26859,25152-84-5 ,trans,0.86528,106-70-7,Methylhexanoat,0.86528,121-33-5,Vanillin ex Eugenol,0.59491,142-92-7,Hexylacetat Kosher Halal,0.56077,4.9468,25152-84-5 ,trans,1.02512,106-70-7,Methylhexanoat,1.02512,142-92-7,Hexylacetat Kosher Halal,0.813,121-33-5,Vanillin ex Eugenol,0.79771,106-27-4,Isoamylbutyrat Halal,0.60478
188.820,1.0565,142-62-1,Hexansäure kräftig,0.26183,1754-62-7,Methyl-trans-cinnamat Halal,0.2616,659-70-1,Isoamylisovalerat Kosher Halal,0.24451,116-53-0,2-Methylbuttersäure Halal Kosher,0.15642,928-96-1,cis-3-Hexen-1-ol Halal Kosher,0.09576,1.572,1754-62-7,Methyl-trans-cinnamat Halal,0.62339,928-96-1,cis-3-Hexen-1-ol Halal Kosher,0.45335,111-27-3,Hexanol Kosher Halal,0.28766,659-70-1,Isoamylisovalerat Kosher Halal,0.24827,142-92-7,Hexylacetat Kosher Halal,0.14543,-0.0065,1754-62-7,Methyl-trans-cinnamat Halal,0.55007,142-92-7,Hexylacetat Kosher Halal,0.19121,111-27-3,Hexanol Kosher Halal,-0.18182,659-70-1,Isoamylisovalerat Kosher Halal,-0.14871,142-62-1,Hexansäure kräftig,-0.12454,0.9967,659-70-1,Isoamylisovalerat Kosher Halal,0.41494,111-27-3,Hexanol Kosher Halal,0.38554,142-92-7,Hexylacetat Kosher Halal,0.27722,1754-62-7,Methyl-trans-cinnamat Halal,-0.27602,121-33-5,Vanillin ex Eugenol,-0.06562
188.822,-0.3875,116-53-0,2-Methylbuttersäure Halal Kosher,-0.18811,142-62-1,Hexansäure kräftig,-0.1715,105-54-4,Ethylbutyrat Kosher Halal,0.13781,1754-62-7,Methyl-trans-cinnamat Halal,0.1299,123-92-2,Isoamylacetat Halal,-0.07675,0.441,1754-62-7,Methyl-trans-cinnamat Halal,0.30956,3658-77-3,Furaneol Halal,0.25109,118-71-8,Maltol Kosher Halal,0.10885,706-14-9,gamma-Decalacton Kosher Halal,0.10171,928-96-1,cis-3-Hexen-1-ol Halal Kosher,0.08275,0.2644,1754-62-7,Methyl-trans-cinnamat Halal,0.27315,3658-77-3,Furaneol Halal,0.19076,116-53-0,2-Methylbuttersäure Halal Kosher,0.09353,141-78-6,Ethylacetat Kosher Halal,-0.09291,142-62-1,Hexansäure kräftig,0.08157,-0.1003,3658-77-3,Furaneol Halal,0.24585,1754-62-7,Methyl-trans-cinnamat Halal,-0.13706,659-70-1,Isoamylisovalerat Kosher Halal,-0.09831,111-27-3,Hexanol Kosher Halal,-0.08422,142-92-7,Hexylacetat Kosher Halal,-0.07831
188.866,-2.1027,71-23-8,Propanol Halal,-0.37164,109-19-3,Butylisovalerat Halal,-0.37164,105-54-4,Ethylbutyrat Kosher Halal,-0.28836,7452-79-1,Ethyl-2-methylbutyrat Kosher Halal,-0.1611,116-53-0,2-Methylbuttersäure Halal Kosher,-0.15279,-0.6776,928-96-1,cis-3-Hexen-1-ol Halal Kosher,-0.18791,706-14-9,gamma-Decalacton Kosher Halal,-0.17902,105-54-4,Ethylbutyrat Kosher Halal,0.13749,71-23-8,Propanol Halal,-0.12929,109-19-3,Butylisovalerat Halal,-0.12929,-0.5021,71-23-8,Propanol Halal,-0.10007,109-19-3,Butylisovalerat Halal,-0.10007,141-78-6,Ethylacetat Kosher Halal,-0.09291,1754-62-7,Methyl-trans-cinnamat Halal,-0.08893,7452-79-1,Ethyl-2-methylbutyrat Kosher Halal,0.08358,0.253,123-66-0,Ethylhexanoat Halal,0.08137,706-14-9,gamma-Decalacton Kosher Halal,0.07831,659-70-1,Isoamylisovalerat Kosher Halal,-0.07534,121-33-5,Vanillin ex Eugenol,-0.06966,105-54-4,Ethylbutyrat Kosher Halal,0.06536
188.894,-1.0283,3681-71-8,cis-3-Hexenylacetat Halal Kosher,0.29917,109-52-4,Valeriansäure Kosher Halal,-0.28442,6728-26-3,trans-2-Hexenal Kosher Halal,-0.27914,116-53-0,2-Methylbuttersäure Halal Kosher,-0.18811,141-78-6,Ethylacetat Kosher Halal,0.16722,2.6696,6728-26-3,trans-2-Hexenal Kosher Halal,0.80394,109-52-4,Valeriansäure Kosher Halal,0.59499,124-07-2,Octansäure,0.52292,868-57-5,Methyl-2-methylbutyrat,0.42376,928-96-1,cis-3-Hexen-1-ol Halal Kosher,0.37486,4.9744,109-52-4,Valeriansäure Kosher Halal,1.24262,6728-26-3,trans-2-Hexenal Kosher Halal,0.79267,124-07-2,Octansäure,0.55989,868-57-5,Methyl-2-methylbutyrat,0.55556,109-94-4,Ethylformiat Halal,0.33689,-1.3426,109-52-4,Valeriansäure Kosher Halal,-0.29969,124-07-2,Octansäure,-0.23535,6728-26-3,trans-2-Hexenal Kosher Halal,-0.1802,868-57-5,Methyl-2-methylbutyrat,-0.13134,109-94-4,Ethylformiat Halal,-0.12337
188.976,1.4681,79-09-4,Propionsäure Kosher Halal,0.27948,141-97-9,Ethylacetoacetat Halal,0.25948,659-70-1,Isoamylisovalerat Kosher Halal,0.24023,6290-17-1,Fraiston Halal Kosher,0.23494,706-14-9,gamma-Decalacton Kosher Halal,0.22955,2.6726,6290-17-1,Fraiston Halal Kosher,0.52588,141-97-9,Ethylacetoacetat Halal,0.5099,111-27-3,Hexanol Kosher Halal,0.46933,706-14-9,gamma-Decalacton Kosher Halal,0.3744,24851-98-7,Methyldihydrojasmonat,0.29797,-1.4632,6290-17-1,Fraiston Halal Kosher,-0.29706,111-27-3,Hexanol Kosher Halal,-0.29665,141-97-9,Ethylacetoacetat Halal,-0.29166,79-09-4,Propionsäure Kosher Halal,-0.18052,659-70-1,Isoamylisovalerat Kosher Halal,-0.14611,2.3895,111-27-3,Hexanol Kosher Halal,0.62904,141-97-9,Ethylacetoacetat Halal,0.49517,6290-17-1,Fraiston Halal Kosher,0.49005,659-70-1,Isoamylisovalerat Kosher Halal,0.40768,142-92-7,Hexylacetat Kosher Halal,0.20493
189.012,1.4005,116-53-0,2-Methylbuttersäure Halal Kosher,1.20504,78-70-6,Linalool ex HO,0.4518,110-39-4,Octylbutyrat,0.24753,61931-81-5 ,cis-3-Hexenyllactat,0.24753,105-54-4,Ethylbutyrat Kosher Halal,-0.22432,1.9613,78-70-6,Linalool ex HO,0.61406,61931-81-5 ,cis-3-Hexenyllactat,0.3742,110-39-4,Octylbutyrat,0.3742,116-53-0,2-Methylbuttersäure Halal Kosher,0.33281,111-27-3,Hexanol Kosher Halal,0.22912,-3.7898,78-70-6,Linalool ex HO,-0.89669,61931-81-5 ,cis-3-Hexenyllactat,-0.75541,110-39-4,Octylbutyrat,-0.75541,116-53-0,2-Methylbuttersäure Halal Kosher,-0.59917,68647-72-3,Orangenterpene,-0.1989,1.6796,61931-81-5 ,cis-3-Hexenyllactat,0.34806,110-39-4,Octylbutyrat,0.34806,78-70-6,Linalool ex HO,0.31031,111-27-3,Hexanol Kosher Halal,0.30708,118-71-8,Maltol Kosher Halal,0.12405
189.014,-1.814,105-54-4,Ethylbutyrat Kosher Halal,-0.31038,24851-98-7,Methyldihydrojasmonat,-0.23713,4940-11-8,Ethylmaltol Kosher Halal,-0.19956,116-53-0,2-Methylbuttersäure Halal Kosher,-0.1846,7452-79-1,Ethyl-2-methylbutyrat Kosher Halal,-0.15925,1.353,24851-98-7,Methyldihydrojasmonat,1.36037,105-54-4,Ethylbutyrat Kosher Halal,0.148,928-96-1,cis-3-Hexen-1-ol Halal Kosher,0.13408,4940-11-8,Ethylmaltol Kosher Halal,0.12526,100-52-7,Benzaldehyd Kosher Halal,-0.0826,-0.3117,4940-11-8,Ethylmaltol Kosher Halal,-0.15763,141-78-6,Ethylacetat Kosher Halal,-0.09291,116-53-0,2-Methylbuttersäure Halal Kosher,0.09179,7452-79-1,Ethyl-2-methylbutyrat Kosher Halal,0.08262,3142-72-1,2-Methyl-2-pentensäure,0.08179,-0.2924,24851-98-7,Methyldihydrojasmonat,-0.40149,659-70-1,Isoamylisovalerat Kosher Halal,-0.09831,3142-72-1,2-Methyl-2-pentensäure,0.0909,111-27-3,Hexanol Kosher Halal,-0.08422,142-92-7,Hexylacetat Kosher Halal,-0.07831
189.068,-1.6506,134-20-3,Methylanthranilat Halal,-0.35786,7452-79-1,Ethyl-2-methylbutyrat Kosher Halal,-0.18909,116-53-0,2-Methylbuttersäure Halal Kosher,-0.18811,142-62-1,Hexansäure kräftig,-0.1715,123-66-0,Ethylhexanoat Halal,-0.16775,-0.4515,706-14-9,gamma-Decalacton Kosher Halal,-0.16924,1754-62-7,Methyl-trans-cinnamat Halal,-0.11975,78-70-6,Linalool ex HO,0.095,123-66-0,Ethylhexanoat Halal,0.0861,928-96-1,cis-3-Hexen-1-ol Halal Kosher,-0.08297,-0.309,16491-36-4,cis-3-Hexenylbutyrat Halal,0.32282,134-20-3,Methylanthranilat Halal,-0.23178,78-70-6,Linalool ex HO,-0.13873,1754-62-7,Methyl-trans-cinnamat Halal,-0.10567,7452-79-1,Ethyl-2-methylbutyrat Kosher Halal,0.0981,0.3325,16491-36-4,cis-3-Hexenylbutyrat Halal,0.14174,134-20-3,Methylanthranilat Halal,0.10016,659-70-1,Isoamylisovalerat Kosher Halal,-0.09831,123-66-0,Ethylhexanoat Halal,0.09,111-27-3,Hexanol Kosher Halal,-0.08422
189.075,1.1083,105-54-4,Ethylbutyrat Kosher Halal,0.43719,116-53-0,2-Methylbuttersäure Halal Kosher,0.3986,10191-41-0,DL-Alpha-Tocopherol Halal,0.19588,123-66-0,Ethylhexanoat Halal,0.09674,3681-71-8,cis-3-Hexenylacetat Halal Kosher,0.0954,0.237,105-54-4,Ethylbutyrat Kosher Halal,-0.20846,1754-62-7,Methyl-trans-cinnamat Halal,0.19683,116-53-0,2-Methylbuttersäure Halal Kosher,0.11009,85-91-6,Dimethylanthranilat,-0.1035,100-52-7,Benzaldehyd Kosher Halal,0.08583,0.0397,16491-36-4,cis-3-Hexenylbutyrat Halal,0.29766,116-53-0,2-Methylbuttersäure Halal Kosher,-0.19819,1754-62-7,Methyl-trans-cinnamat Halal,0.17368,64-19-7,Essigsäure Halal Kosher,0.11389,3681-71-8,cis-3-Hexenylacetat Halal Kosher,0.09599,0.3615,16491-36-4,cis-3-Hexenylbutyrat Halal,0.13069,105-54-4,Ethylbutyrat Kosher Halal,-0.09909,1754-62-7,Methyl-trans-cinnamat Halal,-0.08715,659-70-1,Isoamylisovalerat Kosher Halal,0.08654,106-32-1,Ethyloctanoat Halal Kosher,0.084
